Timestamp;BrowLowererL;BrowLowererR;CheekPuffL;CheekPuffR;CheekRaiserL;CheekRaiserR;CheekSuckL;CheekSuckR;ChinRaiserB;ChinRaiserT;DimplerL;DimplerR;EyesClosedL;EyesClosedR;EyesLookDownL;EyesLookDownR;EyesLookLeftL;EyesLookLeftR;EyesLookRightL;EyesLookRightR;EyesLookUpL;EyesLookUpR;InnerBrowRaiserL;InnerBrowRaiserR;JawDrop;JawSidewaysLeft;JawSidewaysRight;JawThrust;LidTightenerL;LidTightenerR;LipCornerDepressorL;LipCornerDepressorR;LipCornerPullerL;LipCornerPullerR;LipFunnelerLB;LipFunnelerLT;LipFunnelerRB;LipFunnelerRT;LipPressorL;LipPressorR;LipPuckerL;LipPuckerR;LipStretcherL;LipStretcherR;LipSuckLB;LipSuckLT;LipSuckRB;LipSuckRT;LipTightenerL;LipTightenerR;LipsToward;LowerLipDepressorL;LowerLipDepressorR;MouthLeft;MouthRight;NoseWrinklerL;NoseWrinklerR;OuterBrowRaiserL;OuterBrowRaiserR;UpperLidRaiserL;UpperLidRaiserR;UpperLipRaiserL;UpperLipRaiserR;TongueTipInterdental;TongueTipAlveolar;TongueFrontDorsalPalate;TongueMidDorsalPalate;TongueBackDorsalVelar;TongueOut;TongueRetreat
1,17926;0,2169;0,2349;0,0000;0,0000;0,1048;0,0863;0,0086;0,0000;0,0000;0,0000;0,0000;0,0000;0,0337;0,0128;0,3197;0,3029;0,0000;0,0000;0,5056;0,4159;0,0000;0,0000;0,0185;0,0083;0,1571;0,0125;0,0371;0,0000;0,0004;0,0000;0,1261;0,1165;0,0000;0,0000;0,0000;0,0573;0,0000;0,0485;0,0000;0,0000;0,0125;0,0109;0,0040;0,0000;0,1255;0,0287;0,1171;0,0173;0,0005;0,0000;0,1013;0,0000;0,0000;0,0109;0,0159;0,0000;0,0000;0,0000;0,0000;0,0000;0,0000;0,0000;0,0254;0,0000;0,0000;0,0000;0,0000;0,0000;1,0000;0,0000
1,512594;0,2393;0,2302;0,0000;0,0000;0,1121;0,0859;0,0026;0,0000;0,0000;0,0000;0,0000;0,0000;0,1113;0,0141;0,3816;0,3121;0,0000;0,0000;0,5521;0,4626;0,0000;0,0000;0,0190;0,0067;0,1589;0,0117;0,0294;0,0000;0,0001;0,0000;0,1217;0,1181;0,0000;0,0000;0,0000;0,0484;0,0000;0,0484;0,0000;0,0000;0,0109;0,0121;0,0023;0,0000;0,0726;0,0206;0,0604;0,0109;0,0007;0,0000;0,0878;0,0000;0,0000;0,0109;0,0133;0,0000;0,0000;0,0000;0,0000;0,0000;0,0000;0,0000;0,0112;0,0000;0,0000;0,0000;0,0000;0,0000;0,0000;0,0000
1,673398;0,2357;0,2288;0,0000;0,0000;0,1120;0,0819;0,0072;0,0000;0,0000;0,0000;0,0000;0,0000;0,0753;0,0371;0,3980;0,3769;0,0000;0,0000;0,5587;0,4692;0,0000;0,0000;0,0136;0,0060;0,1367;0,0109;0,0373;0,0000;0,0027;0,0000;0,1235;0,1168;0,0000;0,0000;0,0000;0,0639;0,0000;0,0633;0,0000;0,0000;0,0109;0,0207;0,0011;0,0000;0,0754;0,0240;0,0667;0,0109;0,0041;0,0000;0,0913;0,0000;0,0000;0,0109;0,0183;0,0000;0,0000;0,0000;0,0000;0,0000;0,0000;0,0000;0,0128;0,0000;0,0000;0,0000;0,0000;0,0000;0,0000;0,0000
1,877644;0,2304;0,2270;0,0000;0,0000;0,1241;0,0819;0,0014;0,0000;0,0000;0,0000;0,0000;0,0000;0,1342;0,0177;0,4029;0,3280;0,0000;0,0000;0,5569;0,4673;0,0000;0,0000;0,0167;0,0061;0,1367;0,0109;0,0214;0,0000;0,0008;0,0000;0,1059;0,0979;0,0000;0,0000;0,0000;0,0442;0,0000;0,0352;0,0000;0,0000;0,0109;0,0115;0,0037;0,0000;0,0877;0,0217;0,0747;0,0109;0,0003;0,0000;0,0891;0,0000;0,0000;0,0109;0,0246;0,0000;0,0000;0,0000;0,0000;0,0000;0,0000;0,0000;0,0164;0,0000;0,0000;0,0000;0,0000;0,0000;0,0000;0,0000
2,081365;0,2165;0,2210;0,0000;0,0000;0,1136;0,0859;0,0097;0,0000;0,0000;0,0000;0,0000;0,0000;0,1266;0,0433;0,4219;0,3861;0,0000;0,0000;0,5495;0,4599;0,0000;0,0000;0,0123;0,0038;0,1567;0,0147;0,0404;0,0000;0,0001;0,0000;0,1208;0,1061;0,0000;0,0000;0,0000;0,0553;0,0000;0,0516;0,0000;0,0000;0,0109;0,0109;0,0095;0,0000;0,1187;0,0253;0,1093;0,0109;0,0012;0,0000;0,0951;0,0000;0,0000;0,0109;0,0323;0,0000;0,0000;0,0000;0,0000;0,0000;0,0000;0,0000;0,0213;0,0000;0,0000;0,0000;0,0000;0,0000;0,0000;0,0000
2,187157;0,2216;0,2038;0,0000;0,0000;0,1138;0,0733;0,0027;0,0000;0,0000;0,0000;0,0000;0,0000;0,0997;0,0167;0,3821;0,3240;0,0000;0,0000;0,5473;0,4576;0,0000;0,0000;0,0146;0,0060;0,1500;0,0119;0,0170;0,0000;0,0010;0,0000;0,1141;0,0945;0,0000;0,0000;0,0000;0,0420;0,0000;0,0392;0,0000;0,0000;0,0109;0,0109;0,0030;0,0000;0,0609;0,0124;0,0612;0,0109;0,0003;0,0000;0,0867;0,0000;0,0000;0,0109;0,0125;0,0000;0,0000;0,0000;0,0000;0,0000;0,0000;0,0000;0,0143;0,0000;0,0000;0,0000;0,0000;0,0000;0,0000;0,0000
2,254149;0,2195;0,2306;0,0000;0,0000;0,1080;0,0854;0,0032;0,0000;0,0000;0,0000;0,0000;0,0000;0,0678;0,0451;0,3995;0,3883;0,0000;0,0000;0,5539;0,4644;0,0000;0,0000;0,0142;0,0071;0,1374;0,0112;0,0324;0,0000;0,0003;0,0016;0,1116;0,1002;0,0000;0,0000;0,0000;0,0430;0,0000;0,0382;0,0000;0,0000;0,0109;0,0109;0,0070;0,0000;0,0874;0,0133;0,0774;0,0109;0,0001;0,0000;0,0914;0,0000;0,0000;0,0109;0,0307;0,0000;0,0000;0,0000;0,0000;0,0000;0,0000;0,0000;0,0256;0,0000;0,0000;0,0000;0,0000;0,0000;0,0000;0,0000
2,307142;0,2415;0,2578;0,0000;0,0000;0,1056;0,0817;0,0018;0,0000;0,0000;0,0000;0,0000;0,0000;0,0590;0,0435;0,3939;0,3861;0,0000;0,0000;0,5537;0,4642;0,0000;0,0000;0,0147;0,0087;0,1248;0,0111;0,0301;0,0000;0,0002;0,0011;0,0985;0,0959;0,0000;0,0000;0,0000;0,0403;0,0000;0,0381;0,0000;0,0000;0,0109;0,0109;0,0038;0,0000;0,0816;0,0122;0,0703;0,0109;0,0001;0,0000;0,0778;0,0000;0,0000;0,0109;0,0193;0,0000;0,0000;0,0000;0,0000;0,0000;0,0000;0,0000;0,0177;0,0000;0,0000;0,0000;0,0000;0,0000;0,0000;0,0000
2,334517;0,2406;0,2475;0,0000;0,0000;0,1079;0,0783;0,0083;0,0000;0,0000;0,0000;0,0000;0,0000;0,1531;0,0203;0,4152;0,3374;0,0000;0,0000;0,5363;0,4463;0,0000;0,0000;0,0156;0,0066;0,1452;0,0110;0,0282;0,0000;0,0001;0,0005;0,1058;0,1001;0,0000;0,0000;0,0000;0,0503;0,0000;0,0511;0,0000;0,0000;0,0109;0,0109;0,0013;0,0000;0,0704;0,0204;0,0683;0,0109;0,0000;0,0000;0,0873;0,0000;0,0000;0,0109;0,0128;0,0000;0,0000;0,0000;0,0000;0,0000;0,0000;0,0000;0,0126;0,0000;0,0000;0,0000;0,0000;0,0000;0,0000;0,0000
2,353619;0,2406;0,2475;0,0000;0,0000;0,1079;0,0783;0,0083;0,0000;0,0000;0,0000;0,0000;0,0000;0,1531;0,0203;0,4152;0,3374;0,0000;0,0000;0,5363;0,4463;0,0000;0,0000;0,0156;0,0066;0,1452;0,0110;0,0282;0,0000;0,0001;0,0005;0,1058;0,1001;0,0000;0,0000;0,0000;0,0503;0,0000;0,0511;0,0000;0,0000;0,0109;0,0109;0,0013;0,0000;0,0704;0,0204;0,0683;0,0109;0,0000;0,0000;0,0873;0,0000;0,0000;0,0109;0,0128;0,0000;0,0000;0,0000;0,0000;0,0000;0,0000;0,0000;0,0126;0,0000;0,0000;0,0000;0,0000;0,0000;0,0000;0,0000
2,381318;0,2529;0,2476;0,0000;0,0000;0,1224;0,0866;0,0094;0,0000;0,0000;0,0000;0,0000;0,0000;0,1285;0,0261;0,4118;0,3540;0,0000;0,0000;0,5374;0,4475;0,0000;0,0000;0,0159;0,0059;0,1364;0,0109;0,0278;0,0000;0,0001;0,0003;0,1045;0,0960;0,0000;0,0000;0,0000;0,0520;0,0000;0,0602;0,0000;0,0000;0,0109;0,0109;0,0060;0,0000;0,0927;0,0160;0,0834;0,0109;0,0000;0,0000;0,0908;0,0000;0,0000;0,0109;0,0291;0,0000;0,0000;0,0000;0,0000;0,0000;0,0000;0,0000;0,0204;0,0000;0,0000;0,0000;0,0000;0,0000;0,0000;0,0000
2,40936;0,2477;0,2328;0,0000;0,0000;0,1211;0,0898;0,0100;0,0000;0,0000;0,0000;0,0000;0,0000;0,2342;0,0039;0,4055;0,2342;0,0000;0,0000;0,5314;0,4415;0,0000;0,0000;0,0210;0,0078;0,1585;0,0109;0,0460;0,0000;0,0024;0,0002;0,1123;0,1111;0,0000;0,0000;0,0000;0,0599;0,0000;0,0632;0,0000;0,0000;0,0208;0,0208;0,0034;0,0000;0,0995;0,0222;0,0887;0,0109;0,0000;0,0000;0,0942;0,0000;0,0000;0,0109;0,0346;0,0000;0,0000;0,0000;0,0000;0,0000;0,0000;0,0000;0,0238;0,0000;0,0000;0,0000;0,0000;0,0000;0,0000;0,0000
2,447877;0,1796;0,1871;0,0000;0,0000;0,1204;0,0912;0,0103;0,0000;0,0000;0,0000;0,0000;0,0000;0,5624;0,2371;0,2600;0,4131;0,0000;0,0000;0,2904;0,1985;0,0000;0,0000;0,0172;0,0092;0,1412;0,0109;0,0371;0,0000;0,0114;0,0261;0,1077;0,1008;0,0000;0,0000;0,0000;0,0469;0,0000;0,0485;0,0000;0,0000;0,0170;0,0170;0,0070;0,0000;0,0963;0,0248;0,0835;0,0109;0,0000;0,0000;0,0822;0,0000;0,0000;0,0109;0,0208;0,0000;0,0000;0,0000;0,0000;0,0000;0,0000;0,0000;0,0171;0,0000;0,0000;0,0000;0,0000;0,0000;0,0000;0,0000
2,48688;0,1610;0,1654;0,0000;0,0000;0,1263;0,0989;0,0052;0,0000;0,0000;0,0000;0,0000;0,0000;0,3907;0,0179;0,3603;0,3158;0,0000;0,0000;0,2191;0,1278;0,0000;0,0000;0,0172;0,0103;0,1349;0,0109;0,0327;0,0000;0,0390;0,0325;0,1224;0,1016;0,0000;0,0000;0,0000;0,0419;0,0000;0,0510;0,0000;0,0000;0,0148;0,0147;0,0088;0,0000;0,0851;0,0177;0,0805;0,0109;0,0000;0,0000;0,0838;0,0000;0,0000;0,0109;0,0236;0,0000;0,0000;0,0000;0,0000;0,0000;0,0000;0,0000;0,0141;0,0000;0,0000;0,0000;0,0000;0,0000;0,0000;0,0000
2,514055;0,1813;0,1720;0,0000;0,0000;0,1240;0,0863;0,0075;0,0000;0,0000;0,0000;0,0000;0,0000;0,3080;0,0000;0,3035;0,0120;0,0000;0,0000;0,2176;0,1272;0,0000;0,0000;0,0265;0,0111;0,1486;0,0109;0,0303;0,0000;0,0364;0,0201;0,1211;0,1022;0,0000;0,0000;0,0000;0,0476;0,0000;0,0524;0,0000;0,0000;0,0134;0,0133;0,0047;0,0000;0,0803;0,0226;0,0788;0,0109;0,0000;0,0000;0,0873;0,0000;0,0000;0,0109;0,0165;0,0000;0,0000;0,0000;0,0000;0,0000;0,0000;0,0000;0,0126;0,0000;0,0000;0,0000;0,0000;0,0000;0,0000;0,0000
2,542507;0,1760;0,1188;0,0000;0,0000;0,1225;0,0892;0,0089;0,0000;0,0000;0,0000;0,0000;0,0000;0,0080;0,0000;0,0085;0,0005;0,0000;0,0000;0,2156;0,1261;0,0000;0,0000;0,0325;0,0118;0,1379;0,0109;0,0340;0,0000;0,0355;0,0187;0,1204;0,0970;0,0000;0,0000;0,0000;0,0505;0,0000;0,0532;0,0000;0,0000;0,0125;0,0125;0,0027;0,0000;0,0864;0,0248;0,0778;0,0109;0,0000;0,0000;0,0893;0,0000;0,0000;0,0109;0,0214;0,0000;0,0000;0,0037;0,0000;0,0000;0,0000;0,0000;0,0206;0,0000;0,0000;0,0000;0,0000;0,0000;0,0000;0,0000
2,572416;0,0864;0,0443;0,0000;0,0000;0,1109;0,0733;0,0096;0,0000;0,0000;0,0000;0,0000;0,0000;0,0002;0,0000;0,0003;0,0000;0,0000;0,0000;0,2019;0,1139;0,0000;0,0000;0,0331;0,0098;0,1416;0,0109;0,0358;0,0000;0,0353;0,0084;0,1107;0,0947;0,0000;0,0000;0,0000;0,0435;0,0000;0,0444;0,0000;0,0000;0,0119;0,0119;0,0016;0,0000;0,1362;0,0259;0,1201;0,0109;0,0000;0,0000;0,0905;0,0000;0,0000;0,0109;0,0239;0,0000;0,0000;0,0063;0,0000;0,0000;0,0000;0,0000;0,0240;0,0000;0,0000;0,0000;0,0000;0,0000;0,0000;0,0000
2,60803;0,0331;0,0183;0,0000;0,0000;0,1065;0,0682;0,0048;0,0000;0,0000;0,0000;0,0000;0,0000;0,0000;0,0000;0,0000;0,0000;0,0000;0,0000;0,1679;0,0799;0,0000;0,0000;0,0294;0,0084;0,1437;0,0109;0,0368;0,0000;0,0352;0,0040;0,1148;0,0982;0,0000;0,0000;0,0000;0,0406;0,0000;0,0409;0,0000;0,0000;0,0116;0,0116;0,0009;0,0000;0,1184;0,0265;0,0961;0,0109;0,0000;0,0000;0,0912;0,0000;0,0000;0,0109;0,0253;0,0000;0,0000;0,0051;0,0000;0,0000;0,0000;0,0000;0,0173;0,0000;0,0000;0,0000;0,0000;0,0000;0,0000;0,0000
2,626951;0,0140;0,0083;0,0000;0,0000;0,0972;0,0664;0,0073;0,0000;0,0000;0,0000;0,0000;0,0000;0,0000;0,0000;0,0000;0,0000;0,0000;0,0000;0,1455;0,0579;0,0000;0,0000;0,0228;0,0066;0,1360;0,0109;0,0373;0,0000;0,0351;0,0045;0,1084;0,0954;0,0000;0,0000;0,0000;0,0320;0,0000;0,0320;0,0000;0,0000;0,0114;0,0113;0,0006;0,0000;0,1109;0,0268;0,1006;0,0109;0,0000;0,0000;0,0916;0,0000;0,0000;0,0109;0,0328;0,0000;0,0000;0,0041;0,0000;0,0000;0,0000;0,0000;0,0224;0,0000;0,0000;0,0000;0,0000;0,0000;0,0000;0,0000
2,654587;0,0064;0,0040;0,0000;0,0000;0,0722;0,0583;0,0087;0,0000;0,0000;0,0000;0,0000;0,0000;0,0000;0,0000;0,0000;0,0000;0,0000;0,0000;0,1141;0,0267;0,0000;0,0000;0,0164;0,0052;0,1408;0,0109;0,0376;0,0000;0,0260;0,0023;0,1057;0,0940;0,0000;0,0000;0,0000;0,0346;0,0000;0,0347;0,0000;0,0000;0,0112;0,0112;0,0004;0,0000;0,1167;0,0334;0,1022;0,0208;0,0000;0,0000;0,0919;0,0000;0,0000;0,0109;0,0309;0,0000;0,0000;0,0033;0,0000;0,0000;0,0000;0,0000;0,0247;0,0000;0,0000;0,0000;0,0000;0,0000;0,3333;0,0000
2,68398;0,0064;0,0040;0,0000;0,0000;0,0722;0,0583;0,0087;0,0000;0,0000;0,0000;0,0000;0,0000;0,0000;0,0000;0,0000;0,0000;0,0000;0,0000;0,1141;0,0267;0,0000;0,0000;0,0164;0,0052;0,1408;0,0109;0,0376;0,0000;0,0260;0,0023;0,1057;0,0940;0,0000;0,0000;0,0000;0,0346;0,0000;0,0347;0,0000;0,0000;0,0112;0,0112;0,0004;0,0000;0,1167;0,0334;0,1022;0,0208;0,0000;0,0000;0,0919;0,0000;0,0000;0,0109;0,0309;0,0000;0,0000;0,0033;0,0000;0,0000;0,0000;0,0000;0,0247;0,0000;0,0000;0,0000;0,0000;0,0000;0,3333;0,0000
2,712962;0,0032;0,0021;0,0000;0,0000;0,0749;0,0432;0,0095;0,0000;0,0000;0,0000;0,0000;0,0000;0,0000;0,0000;0,0000;0,0000;0,0000;0,0032;0,0838;0,0000;0,0000;0,0000;0,0120;0,0041;0,1508;0,0109;0,0378;0,0000;0,0309;0,0013;0,1127;0,0933;0,0000;0,0000;0,0000;0,0360;0,0000;0,0302;0,0000;0,0000;0,0111;0,0111;0,0002;0,0000;0,1265;0,0313;0,1237;0,0170;0,0000;0,0000;0,0932;0,0000;0,0000;0,0109;0,0349;0,0000;0,0000;0,0027;0,0000;0,0000;0,0000;0,0000;0,0258;0,0000;0,0000;0,0000;0,0000;0,0000;0,0000;0,0000
2,741676;0,0017;0,0012;0,0000;0,0000;0,0678;0,0395;0,0047;0,0000;0,0000;0,0000;0,0000;0,0000;0,0000;0,0000;0,0000;0,0000;0,0000;0,0221;0,0647;0,0000;0,0000;0,0000;0,0090;0,0033;0,1494;0,0109;0,0574;0,0000;0,0414;0,0007;0,0995;0,0980;0,0000;0,0000;0,0000;0,0368;0,0000;0,0330;0,0000;0,0000;0,0110;0,0110;0,0002;0,0000;0,1224;0,0300;0,1209;0,0148;0,0000;0,0000;0,0929;0,0000;0,0000;0,0109;0,0365;0,0000;0,0000;0,0022;0,0000;0,0000;0,0000;0,0000;0,0264;0,0000;0,0000;0,0000;0,0000;0,0000;0,0000;0,0000
2,778221;0,0010;0,0007;0,0000;0,0000;0,0576;0,0385;0,0024;0,0000;0,0000;0,0000;0,0000;0,0000;0,0000;0,0000;0,0000;0,0000;0,0000;0,0443;0,0424;0,0000;0,0000;0,0000;0,0069;0,0027;0,1288;0,0050;0,0556;0,0000;0,0277;0,0004;0,0951;0,0835;0,0000;0,0000;0,0000;0,0373;0,0000;0,0348;0,0000;0,0000;0,0110;0,0110;0,0058;0,0000;0,1408;0,0344;0,1277;0,0134;0,0059;0,0000;0,0927;0,0000;0,0000;0,0109;0,0579;0,0000;0,0000;0,0018;0,0000;0,0000;0,0000;0,0000;0,0267;0,0000;0,0000;0,0000;0,0000;0,0000;0,0000;0,0000
2,796799;0,0006;0,0004;0,0000;0,0000;0,0421;0,0303;0,0061;0,0000;0,0000;0,0000;0,0000;0,0000;0,0000;0,0000;0,0000;0,0000;0,0000;0,0573;0,0292;0,0000;0,0000;0,0000;0,0053;0,0022;0,1369;0,0024;0,0383;0,0000;0,0221;0,0002;0,0935;0,0788;0,0000;0,0000;0,0000;0,0315;0,0000;0,0305;0,0000;0,0000;0,0109;0,0109;0,0035;0,0000;0,1317;0,0320;0,1230;0,0125;0,0038;0,0000;0,0926;0,0000;0,0000;0,0109;0,0508;0,0000;0,0000;0,0015;0,0000;0,0000;0,0000;0,0000;0,0177;0,0000;0,0000;0,0000;0,0000;0,0000;0,0000;0,0000
2,823069;0,0004;0,0003;0,0000;0,0000;0,0503;0,0349;0,0081;0,0000;0,0000;0,0000;0,0000;0,0000;0,0000;0,0000;0,0000;0,0000;0,0000;0,0573;0,0292;0,0000;0,0000;0,0000;0,0041;0,0017;0,1494;0,0058;0,0665;0,0000;0,0196;0,0002;0,0965;0,0926;0,0000;0,0000;0,0000;0,0291;0,0000;0,0287;0,0000;0,0000;0,0109;0,0109;0,0072;0,0000;0,1425;0,0352;0,1409;0,0212;0,0075;0,0000;0,0966;0,0000;0,0000;0,0109;0,0610;0,0000;0,0000;0,0012;0,0000;0,0000;0,0000;0,0000;0,0220;0,0000;0,0000;0,0000;0,0000;0,0000;0,0000;0,0000
2,850745;0,0004;0,0003;0,0000;0,0000;0,0503;0,0349;0,0081;0,0000;0,0000;0,0000;0,0000;0,0000;0,0000;0,0000;0,0000;0,0000;0,0000;0,0573;0,0292;0,0000;0,0000;0,0000;0,0041;0,0017;0,1494;0,0058;0,0665;0,0000;0,0196;0,0002;0,0965;0,0926;0,0000;0,0000;0,0000;0,0291;0,0000;0,0287;0,0000;0,0000;0,0109;0,0109;0,0072;0,0000;0,1425;0,0352;0,1409;0,0212;0,0075;0,0000;0,0966;0,0000;0,0000;0,0109;0,0610;0,0000;0,0000;0,0012;0,0000;0,0000;0,0000;0,0000;0,0220;0,0000;0,0000;0,0000;0,0000;0,0000;0,0000;0,0000
2,878191;0,0002;0,0002;0,0000;0,0000;0,1047;0,0634;0,0092;0,0000;0,0000;0,0000;0,0000;0,0000;0,0000;0,0000;0,0000;0,0000;0,0000;0,0237;0,0633;0,0000;0,0000;0,0000;0,0033;0,0014;0,1383;0,0077;0,0521;0,0000;0,0379;0,0001;0,0942;0,0925;0,0000;0,0000;0,0000;0,0281;0,0000;0,0279;0,0000;0,0000;0,0109;0,0109;0,0090;0,0000;0,1362;0,0321;0,1346;0,0170;0,0045;0,0000;0,0952;0,0000;0,0000;0,0109;0,0519;0,0000;0,0000;0,0010;0,0000;0,0000;0,0000;0,0000;0,0158;0,0000;0,0000;0,0000;0,0000;0,0000;0,0000;0,0000
2,906919;0,0002;0,0001;0,0000;0,0000;0,1037;0,0717;0,0098;0,0000;0,0000;0,0000;0,0000;0,0000;0,0000;0,0000;0,0000;0,0000;0,0000;0,0000;0,1357;0,0467;0,0000;0,0000;0,0036;0,0012;0,1339;0,0089;0,0694;0,0000;0,0366;0,0001;0,1101;0,0982;0,0000;0,0000;0,0000;0,0277;0,0000;0,0276;0,0000;0,0000;0,0109;0,0109;0,0098;0,0000;0,1334;0,0473;0,1322;0,0228;0,0077;0,0000;0,0994;0,0000;0,0000;0,0109;0,0610;0,0000;0,0000;0,0008;0,0000;0,0000;0,0000;0,0000;0,0132;0,0000;0,0000;0,0000;0,0000;0,0000;0,0000;0,0000
2,948153;0,0001;0,0001;0,0000;0,0000;0,0983;0,0744;0,0102;0,0000;0,0000;0,0000;0,0000;0,0000;0,0000;0,0000;0,0000;0,0000;0,0000;0,0000;0,1357;0,0467;0,0000;0,0000;0,0029;0,0010;0,1245;0,0043;0,0740;0,0000;0,0257;0,0022;0,1001;0,0961;0,0000;0,0000;0,0000;0,0274;0,0000;0,0274;0,0000;0,0000;0,0109;0,0109;0,0053;0,0000;0,1137;0,0379;0,1143;0,0175;0,0045;0,0000;0,0968;0,0000;0,0000;0,0109;0,0637;0,0000;0,0000;0,0007;0,0000;0,0000;0,0000;0,0000;0,0202;0,0000;0,0000;0,0000;0,0000;0,0000;0,0000;0,0000
2,96611;0,0001;0,0001;0,0000;0,0000;0,1013;0,0707;0,0104;0,0000;0,0000;0,0000;0,0000;0,0000;0,0000;0,0000;0,0000;0,0000;0,0000;0,0000;0,1304;0,0415;0,0000;0,0000;0,0023;0,0008;0,1462;0,0069;0,0693;0,0000;0,0212;0,0014;0,1121;0,0947;0,0000;0,0000;0,0000;0,0273;0,0000;0,0273;0,0000;0,0000;0,0109;0,0109;0,0030;0,0000;0,1225;0,0379;0,1162;0,0229;0,0027;0,0000;0,1058;0,0000;0,0000;0,0109;0,0499;0,0000;0,0000;0,0005;0,0000;0,0000;0,0000;0,0000;0,0154;0,0000;0,0000;0,0000;0,0000;0,0000;0,0000;0,0000
2,994963;0,0001;0,0001;0,0000;0,0000;0,1024;0,0863;0,0106;0,0000;0,0000;0,0000;0,0000;0,0000;0,0000;0,0000;0,0000;0,0000;0,0000;0,0000;0,1304;0,0415;0,0000;0,0000;0,0019;0,0006;0,1379;0,0035;0,0494;0,0000;0,0284;0,0030;0,1007;0,0939;0,0000;0,0000;0,0000;0,0273;0,0000;0,0272;0,0000;0,0000;0,0109;0,0109;0,0067;0,0000;0,1265;0,0380;0,1243;0,0251;0,0017;0,0000;0,0999;0,0000;0,0000;0,0109;0,0439;0,0000;0,0000;0,0005;0,0000;0,0000;0,0000;0,0000;0,0132;0,0000;0,0000;0,0000;0,0000;0,0000;0,0000;0,0000
3,020178;0,0001;0,0001;0,0000;0,0000;0,1024;0,0863;0,0106;0,0000;0,0000;0,0000;0,0000;0,0000;0,0000;0,0000;0,0000;0,0000;0,0000;0,0000;0,1304;0,0415;0,0000;0,0000;0,0019;0,0006;0,1379;0,0035;0,0494;0,0000;0,0284;0,0030;0,1007;0,0939;0,0000;0,0000;0,0000;0,0273;0,0000;0,0272;0,0000;0,0000;0,0109;0,0109;0,0067;0,0000;0,1265;0,0380;0,1243;0,0251;0,0017;0,0000;0,0999;0,0000;0,0000;0,0109;0,0439;0,0000;0,0000;0,0005;0,0000;0,0000;0,0000;0,0000;0,0132;0,0000;0,0000;0,0000;0,0000;0,0000;0,0000;0,0000
3,048402;0,0000;0,0000;0,0000;0,0000;0,0992;0,0786;0,0107;0,0000;0,0000;0,0000;0,0000;0,0000;0,0000;0,0000;0,0000;0,0000;0,0000;0,0000;0,1302;0,0414;0,0000;0,0000;0,0015;0,0005;0,1342;0,0019;0,0510;0,0000;0,0131;0,0019;0,1122;0,0988;0,0000;0,0000;0,0000;0,0272;0,0000;0,0272;0,0000;0,0000;0,0109;0,0109;0,0086;0,0000;0,1114;0,0328;0,1114;0,0180;0,0011;0,0000;0,0967;0,0000;0,0000;0,0109;0,0493;0,0000;0,0000;0,0004;0,0000;0,0000;0,0000;0,0000;0,0121;0,0000;0,0000;0,0000;0,0000;0,0000;0,0000;0,0000
3,075553;0,0000;0,0000;0,0000;0,0000;0,0971;0,0739;0,0107;0,0000;0,0000;0,0000;0,0000;0,0000;0,0000;0,0000;0,0000;0,0000;0,0000;0,0000;0,1402;0,0514;0,0000;0,0000;0,0012;0,0004;0,1407;0,0059;0,0677;0,0000;0,0082;0,0012;0,1164;0,1010;0,0000;0,0000;0,0000;0,0272;0,0000;0,0272;0,0000;0,0000;0,0109;0,0109;0,0046;0,0000;0,1139;0,0470;0,1144;0,0228;0,0061;0,0000;0,0999;0,0000;0,0000;0,0109;0,0593;0,0000;0,0000;0,0003;0,0000;0,0000;0,0000;0,0000;0,0203;0,0000;0,0000;0,0000;0,0000;0,0000;0,0000;0,0000
3,116878;0,0000;0,0000;0,0000;0,0000;0,1005;0,0709;0,0108;0,0000;0,0000;0,0000;0,0000;0,0000;0,0000;0,0000;0,0000;0,0000;0,0000;0,0000;0,1310;0,0420;0,0000;0,0000;0,0010;0,0004;0,1437;0,0031;0,0625;0,0000;0,0117;0,0008;0,1181;0,0974;0,0000;0,0000;0,0000;0,0272;0,0000;0,0272;0,0000;0,0000;0,0109;0,0109;0,0026;0,0000;0,1227;0,0439;0,1236;0,0168;0,0037;0,0000;0,1001;0,0000;0,0000;0,0109;0,0628;0,0000;0,0000;0,0003;0,0000;0,0000;0,0000;0,0000;0,0238;0,0000;0,0000;0,0000;0,0000;0,0000;0,0000;0,0000
3,132146;0,0000;0,0000;0,0000;0,0000;0,0852;0,0690;0,0108;0,0000;0,0000;0,0000;0,0000;0,0000;0,0000;0,0000;0,0000;0,0000;0,0000;0,0000;0,1380;0,0491;0,0000;0,0000;0,0008;0,0003;0,1279;0,0017;0,0594;0,0000;0,0042;0,0005;0,1019;0,0836;0,0000;0,0000;0,0000;0,0272;0,0000;0,0272;0,0000;0,0000;0,0109;0,0109;0,0015;0,0000;0,1216;0,0351;0,1224;0,0139;0,0023;0,0000;0,0967;0,0000;0,0000;0,0109;0,0599;0,0000;0,0000;0,0002;0,0000;0,0000;0,0000;0,0000;0,0172;0,0000;0,0000;0,0000;0,0000;0,0000;0,0000;0,0000
3,160037;0,0000;0,0000;0,0000;0,0000;0,0877;0,0727;0,0108;0,0000;0,0000;0,0000;0,0000;0,0000;0,0000;0,0000;0,0000;0,0000;0,0000;0,0000;0,1308;0,0419;0,0000;0,0000;0,0007;0,0002;0,1379;0,0010;0,0701;0,0000;0,0238;0,0003;0,0962;0,0862;0,0000;0,0000;0,0000;0,0272;0,0000;0,0272;0,0000;0,0000;0,0109;0,0109;0,0060;0,0000;0,1261;0,0311;0,1215;0,0126;0,0014;0,0000;0,0961;0,0000;0,0000;0,0109;0,0708;0,0000;0,0000;0,0002;0,0000;0,0000;0,0000;0,0000;0,0223;0,0000;0,0000;0,0000;0,0000;0,0000;0,0000;0,0000
3,187107;0,0000;0,0000;0,0000;0,0000;0,0877;0,0727;0,0108;0,0000;0,0000;0,0000;0,0000;0,0000;0,0000;0,0000;0,0000;0,0000;0,0000;0,0000;0,1308;0,0419;0,0000;0,0000;0,0007;0,0002;0,1379;0,0010;0,0701;0,0000;0,0238;0,0003;0,0962;0,0862;0,0000;0,0000;0,0000;0,0272;0,0000;0,0272;0,0000;0,0000;0,0109;0,0109;0,0060;0,0000;0,1261;0,0311;0,1215;0,0126;0,0014;0,0000;0,0961;0,0000;0,0000;0,0109;0,0708;0,0000;0,0000;0,0002;0,0000;0,0000;0,0000;0,0000;0,0223;0,0000;0,0000;0,0000;0,0000;0,0000;0,0000;0,0000
3,215401;0,0000;0,0000;0,0000;0,0000;0,0721;0,0479;0,0108;0,0000;0,0000;0,0000;0,0000;0,0000;0,0000;0,0000;0,0000;0,0000;0,0000;0,0029;0,0853;0,0000;0,0000;0,0000;0,0005;0,0002;0,1342;0,0006;0,0630;0,0000;0,0214;0,0002;0,0941;0,0881;0,0000;0,0000;0,0000;0,0272;0,0000;0,0272;0,0000;0,0000;0,0109;0,0109;0,0082;0,0000;0,1235;0,0340;0,1209;0,0206;0,0063;0,0000;0,0995;0,0000;0,0000;0,0109;0,0680;0,0000;0,0000;0,0001;0,0000;0,0000;0,0000;0,0000;0,0247;0,0000;0,0000;0,0000;0,0000;0,0000;0,0000;0,0000
3,243773;0,0000;0,0000;0,0000;0,0000;0,0676;0,0411;0,0050;0,0000;0,0000;0,0000;0,0000;0,0000;0,0000;0,0000;0,0000;0,0000;0,0000;0,0399;0,0471;0,0000;0,0000;0,0000;0,0004;0,0002;0,1324;0,0004;0,0711;0,0000;0,0394;0,0002;0,0932;0,0893;0,0000;0,0000;0,0000;0,0170;0,0000;0,0170;0,0000;0,0000;0,0109;0,0109;0,0045;0,0000;0,1220;0,0356;0,1205;0,0160;0,0085;0,0000;0,0963;0,0000;0,0000;0,0109;0,0667;0,0000;0,0000;0,0001;0,0000;0,0000;0,0000;0,0000;0,0258;0,0000;0,0000;0,0000;0,0000;0,0000;0,0000;0,0000
3,324665;0,0000;0,0000;0,0000;0,0000;0,0661;0,0391;0,0072;0,0000;0,0000;0,0000;0,0000;0,0000;0,0000;0,0000;0,0000;0,0000;0,0000;0,0453;0,0416;0,0000;0,0000;0,0000;0,0004;0,0001;0,1402;0,0057;0,0487;0,0000;0,0445;0,0001;0,0928;0,0812;0,0000;0,0000;0,0000;0,0206;0,0000;0,0207;0,0000;0,0000;0,0109;0,0109;0,0074;0,0000;0,1262;0,0314;0,1202;0,0137;0,0048;0,0000;0,0947;0,0000;0,0000;0,0109;0,0478;0,0000;0,0000;0,0001;0,0000;0,0000;0,0000;0,0000;0,0176;0,0000;0,0000;0,0000;0,0000;0,0000;0,0000;0,0000
3,376597;0,0000;0,0000;0,0000;0,0000;0,0601;0,0332;0,0148;0,0000;0,0000;0,0000;0,0000;0,0000;0,0000;0,0000;0,0000;0,0000;0,0000;0,0441;0,0428;0,0000;0,0000;0,0000;0,0002;0,0001;0,1484;0,0013;0,0675;0,0000;0,0559;0,0000;0,0936;0,0895;0,0000;0,0000;0,0000;0,0320;0,0000;0,0320;0,0000;0,0000;0,0109;0,0109;0,0013;0,0000;0,1018;0,0183;0,1006;0,0114;0,0063;0,0000;0,0993;0,0000;0,0000;0,0109;0,0554;0,0000;0,0000;0,0001;0,0000;0,0000;0,0000;0,0000;0,0134;0,0000;0,0000;0,0000;0,0000;0,0000;0,0000;0,0000
3,448264;0,0000;0,0000;0,0000;0,0000;0,0592;0,0333;0,0060;0,0000;0,0000;0,0000;0,0000;0,0000;0,0000;0,0000;0,0000;0,0000;0,0000;0,0358;0,0512;0,0000;0,0000;0,0000;0,0001;0,0001;0,1621;0,0060;0,0842;0,0000;0,0435;0,0000;0,0954;0,0911;0,0000;0,0000;0,0000;0,0294;0,0000;0,0294;0,0000;0,0000;0,0109;0,0109;0,0082;0,0000;0,1458;0,0329;0,1429;0,0111;0,0095;0,0000;0,1079;0,0000;0,0000;0,0109;0,0689;0,0000;0,0000;0,0000;0,0000;0,0000;0,0000;0,0000;0,0238;0,0000;0,0000;0,0000;0,0000;0,0000;0,0000;0,0000
3,531218;0,0000;0,0000;0,0000;0,0000;0,0314;0,0162;0,0015;0,0000;0,0000;0,0000;0,0000;0,0000;0,0000;0,0000;0,0000;0,0000;0,0011;0,0873;0,0000;0,0000;0,0000;0,0000;0,0001;0,0000;0,1586;0,0095;0,0671;0,0000;0,0034;0,0000;0,0984;0,0918;0,0000;0,0000;0,0000;0,0177;0,0000;0,0177;0,0000;0,0000;0,0109;0,0109;0,0050;0,0059;0,1147;0,0364;0,1134;0,0110;0,0077;0,0000;0,1040;0,0000;0,0000;0,0109;0,0506;0,0000;0,0000;0,0000;0,0000;0,0000;0,0000;0,0000;0,0261;0,0000;0,0000;0,0000;0,0000;0,0000;0,0000;0,0000
3,718413;0,0000;0,0000;0,0000;0,0000;0,0109;0,0010;0,0081;0,0000;0,0000;0,0000;0,0000;0,0000;0,0000;0,0000;0,0000;0,0000;0,0000;0,0672;0,0192;0,0000;0,1408;0,1407;0,0011;0,0006;0,1343;0,0015;0,0122;0,0000;0,0022;0,0000;0,1081;0,1037;0,0000;0,0000;0,0000;0,0042;0,0000;0,0043;0,0000;0,0000;0,0109;0,0109;0,0002;0,0005;0,0025;0,0025;0,0026;0,0031;0,0012;0,0000;0,0779;0,0000;0,0000;0,0024;0,0042;0,0000;0,0000;0,0077;0,0037;0,0000;0,0000;0,0000;0,0019;0,0000;0,0000;0,0000;0,0000;0,0000;0,0000;0,0000
3,849364;0,0000;0,0000;0,0000;0,0000;0,0109;0,0060;0,0102;0,0000;0,0000;0,0000;0,0000;0,0000;0,0000;0,0000;0,0000;0,0000;0,0000;0,0617;0,0246;0,0000;0,1117;0,1116;0,0080;0,0113;0,1598;0,0003;0,0109;0,0000;0,0013;0,0000;0,0836;0,0841;0,0000;0,0000;0,0000;0,0004;0,0000;0,0003;0,0000;0,0000;0,0071;0,0071;0,0001;0,0002;0,0089;0,0001;0,0088;0,0004;0,0003;0,0000;0,0688;0,0000;0,0000;0,0004;0,0105;0,0000;0,0000;0,0507;0,0343;0,0000;0,0713;0,0000;0,0021;0,0000;0,0000;0,0000;0,0000;0,0000;0,0000;0,0000
3,981756;0,0000;0,0000;0,0000;0,0000;0,0109;0,0078;0,0174;0,0000;0,0000;0,0000;0,0000;0,0000;0,0000;0,0000;0,0000;0,0000;0,0000;0,0679;0,0183;0,0000;0,0915;0,0915;0,0288;0,0236;0,0734;0,0058;0,0124;0,0000;0,0017;0,0000;0,0891;0,0983;0,0000;0,0000;0,0000;0,0291;0,0000;0,0290;0,0000;0,0000;0,0097;0,0090;0,0000;0,0000;0,0000;0,0000;0,0000;0,0000;0,0000;0,0000;0,0516;0,0000;0,0000;0,0000;0,0247;0,0000;0,0000;0,0800;0,0650;0,0025;0,2116;0,0000;0,0064;0,0000;0,0000;0,0000;0,0000;0,0000;0,0000;0,0000
4,096953;0,0000;0,0000;0,0000;0,0084;0,0138;0,0099;0,0263;0,0000;0,0000;0,0000;0,0000;0,0000;0,0000;0,0000;0,0000;0,0000;0,0000;0,0654;0,0209;0,0000;0,0868;0,0867;0,0305;0,0243;0,0692;0,0101;0,0477;0,0000;0,0029;0,0000;0,1027;0,1037;0,0000;0,0000;0,0000;0,0873;0,0000;0,0873;0,0000;0,0000;0,0472;0,0486;0,0000;0,0000;0,0000;0,0000;0,0000;0,0000;0,0084;0,0000;0,0561;0,0000;0,0000;0,0000;0,0421;0,0000;0,0000;0,0831;0,0614;0,0093;0,1436;0,0000;0,0037;0,0171;0,1016;0,0003;0,0004;0,0037;0,0000;0,0190
4,286916;0,0000;0,0000;0,0032;0,0054;0,0364;0,0108;0,0271;0,0016;0,0011;0,0000;0,0000;0,0000;0,0000;0,0000;0,0000;0,0000;0,0000;0,0286;0,0578;0,0000;0,0000;0,0000;0,1302;0,0996;0,1009;0,0134;0,0667;0,0025;0,0818;0,0000;0,0965;0,0961;0,0000;0,0000;0,0000;0,0662;0,0000;0,0651;0,0000;0,0000;0,0502;0,0505;0,0000;0,0000;0,0000;0,0000;0,0000;0,0000;0,0194;0,0027;0,0639;0,0000;0,0000;0,0000;0,0376;0,0000;0,0000;0,1928;0,1304;0,3017;0,3107;0,0000;0,0020;0,0047;0,0024;0,0002;0,0004;0,0020;0,0000;0,0037
4,392085;0,0000;0,0000;0,0011;0,0016;0,0147;0,0108;0,0218;0,0007;0,0005;0,0000;0,0000;0,0000;0,0000;0,0000;0,0000;0,0000;0,0000;0,0613;0,0249;0,0000;0,0000;0,0000;0,0937;0,0800;0,1170;0,0056;0,0952;0,0011;0,0193;0,0000;0,0986;0,1115;0,0000;0,0000;0,0000;0,0442;0,0000;0,0321;0,0000;0,0000;0,0304;0,0172;0,0000;0,0084;0,0000;0,0000;0,0000;0,0000;0,0141;0,0011;0,0647;0,0000;0,0000;0,0000;0,0846;0,0000;0,0000;0,1425;0,0952;0,0901;0,1456;0,0000;0,0085;0,0014;0,0006;0,0001;0,0002;0,0010;0,0000;0,0015
4,572408;0,0000;0,0000;0,0001;0,0001;0,0121;0,0109;0,0238;0,0001;0,0000;0,0000;0,0000;0,0000;0,0000;0,0000;0,0000;0,0000;0,0000;0,0721;0,0141;0,0000;0,0001;0,0001;0,0548;0,0465;0,1268;0,0029;0,0347;0,0001;0,0013;0,0000;0,1016;0,0866;0,0000;0,0000;0,0000;0,0138;0,0000;0,0137;0,0000;0,0000;0,0110;0,0109;0,0028;0,0027;0,0189;0,0000;0,0212;0,0000;0,0050;0,0001;0,0693;0,0000;0,0000;0,0000;0,0488;0,0000;0,0000;0,0994;0,0738;0,0064;0,1250;0,0000;0,0108;0,0010;0,0232;0,0001;0,0001;0,0025;0,0000;0,0118
4,679762;0,0000;0,0000;0,0000;0,0000;0,0159;0,0109;0,0134;0,0000;0,0000;0,0000;0,0000;0,0000;0,0000;0,0000;0,0000;0,0000;0,0256;0,1117;0,0000;0,0000;0,0301;0,0300;0,0569;0,0448;0,1142;0,0010;0,0344;0,0000;0,0063;0,0000;0,0948;0,0908;0,0000;0,0000;0,0000;0,0113;0,0000;0,0113;0,0000;0,0000;0,0109;0,0041;0,0012;0,0009;0,0365;0,0000;0,0364;0,0000;0,0012;0,0000;0,0668;0,0000;0,0000;0,0038;0,0426;0,0000;0,0000;0,1006;0,0706;0,0025;0,1861;0,0000;0,0108;0,0004;0,0037;0,0000;0,0000;0,0012;0,0000;0,0045
4,85412;0,0000;0,0000;0,0000;0,0000;0,0180;0,0109;0,0135;0,0000;0,0000;0,0000;0,0000;0,0000;0,0000;0,0000;0,0000;0,0000;0,0334;0,1195;0,0000;0,0000;0,0256;0,0255;0,0444;0,0310;0,0811;0,0001;0,0125;0,0000;0,0044;0,0000;0,0928;0,0757;0,0000;0,0000;0,0000;0,0017;0,0000;0,0018;0,0000;0,0000;0,0065;0,0050;0,0001;0,0001;0,0177;0,0000;0,0174;0,0000;0,0000;0,0000;0,0563;0,0000;0,0000;0,0003;0,0287;0,0000;0,0000;0,0736;0,0541;0,0003;0,0866;0,0000;0,0109;0,0000;0,0000;0,0000;0,0000;0,0001;0,0000;0,0003
4,988251;0,0000;0,0000;0,0000;0,0000;0,0367;0,0109;0,0076;0,0000;0,0000;0,0000;0,0000;0,0000;0,0000;0,0000;0,0000;0,0000;0,0000;0,0757;0,0107;0,0000;0,0000;0,0000;0,1040;0,0789;0,0828;0,0000;0,0110;0,0000;0,0883;0,0000;0,0840;0,0632;0,0000;0,0000;0,0000;0,0002;0,0000;0,0002;0,0000;0,0000;0,0007;0,0007;0,0000;0,0000;0,0119;0,0000;0,0118;0,0000;0,0000;0,0000;0,0455;0,0000;0,0000;0,0001;0,0115;0,0000;0,0000;0,1390;0,0989;0,1438;0,1064;0,0000;0,0050;0,0000;0,0000;0,0000;0,0000;0,0000;0,0000;0,0001
5,148903;0,0000;0,0000;0,0000;0,0000;0,0395;0,0125;0,0107;0,0000;0,0000;0,0000;0,0000;0,0000;0,0000;0,0000;0,0000;0,0000;0,0346;0,1207;0,0000;0,0000;0,0000;0,0000;0,1037;0,0835;0,0770;0,0000;0,0201;0,0000;0,0581;0,0029;0,0790;0,0806;0,0000;0,0000;0,0000;0,0023;0,0000;0,0023;0,0000;0,0000;0,0047;0,0045;0,0000;0,0000;0,0117;0,0000;0,0089;0,0000;0,0000;0,0000;0,0573;0,0000;0,0000;0,0019;0,0353;0,0000;0,0000;0,1476;0,1021;0,0290;0,2006;0,0000;0,0104;0,0026;0,0069;0,0000;0,0001;0,0002;0,0000;0,0003
5,251226;0,0000;0,0000;0,0000;0,0000;0,0351;0,0116;0,0022;0,0000;0,0000;0,0000;0,0000;0,0000;0,0000;0,0000;0,0000;0,0000;0,0313;0,1174;0,0000;0,0000;0,0000;0,0000;0,0910;0,0767;0,0763;0,0000;0,0134;0,0000;0,0516;0,0022;0,0770;0,0688;0,0000;0,0000;0,0000;0,0008;0,0000;0,0008;0,0000;0,0000;0,0014;0,0016;0,0000;0,0000;0,0016;0,0000;0,0039;0,0000;0,0000;0,0000;0,0531;0,0000;0,0000;0,0008;0,0218;0,0000;0,0000;0,1412;0,0958;0,1066;0,2371;0,0000;0,0024;0,0012;0,0031;0,0000;0,0001;0,0001;0,0000;0,0002
5,461668;0,0000;0,0000;0,0000;0,0000;0,0370;0,0109;0,0127;0,0000;0,0000;0,0000;0,0000;0,0000;0,0000;0,0000;0,0000;0,0000;0,0286;0,1148;0,0000;0,0000;0,0000;0,0000;0,0796;0,0702;0,0840;0,0016;0,0851;0,0000;0,0458;0,0037;0,0978;0,0986;0,0000;0,0000;0,0000;0,0268;0,0000;0,0235;0,0000;0,0000;0,0104;0,0104;0,0000;0,0000;0,0000;0,0059;0,0019;0,0000;0,0201;0,0000;0,0591;0,0000;0,0000;0,0001;0,0862;0,0000;0,0000;0,1272;0,0883;0,0503;0,1941;0,0000;0,0098;0,0015;0,0014;0,0001;0,0002;0,0013;0,0000;0,0034
5,54158;0,0000;0,0000;0,0000;0,0000;0,0346;0,0109;0,0117;0,0000;0,0000;0,0000;0,0000;0,0000;0,0000;0,0000;0,0000;0,0000;0,0368;0,1231;0,0000;0,0000;0,0000;0,0000;0,0697;0,0502;0,0861;0,0063;0,0442;0,0000;0,0503;0,0089;0,0865;0,0881;0,0000;0,0000;0,0000;0,0341;0,0000;0,0240;0,0000;0,0000;0,0107;0,0107;0,0000;0,0000;0,0000;0,0025;0,0056;0,0000;0,0114;0,0000;0,0643;0,0000;0,0000;0,0000;0,0716;0,0000;0,0000;0,1114;0,0774;0,0011;0,1190;0,0000;0,0105;0,0007;0,0001;0,0001;0,0001;0,0006;0,0000;0,0006
5,748035;0,0000;0,0000;0,0000;0,0000;0,0452;0,0147;0,0206;0,0000;0,0000;0,0000;0,0000;0,0000;0,0000;0,0000;0,0000;0,0000;0,0805;0,1666;0,0000;0,0000;0,0000;0,0000;0,0605;0,0437;0,0790;0,0053;0,0278;0,0000;0,0626;0,0017;0,1027;0,0895;0,0000;0,0000;0,0000;0,0184;0,0000;0,0180;0,0000;0,0000;0,0109;0,0109;0,0000;0,0000;0,0000;0,0002;0,0074;0,0000;0,0004;0,0000;0,0614;0,0000;0,0000;0,0000;0,0343;0,0000;0,0000;0,0974;0,0621;0,0009;0,0606;0,0000;0,0069;0,0010;0,0010;0,0001;0,0001;0,0008;0,0000;0,0008
5,888165;0,0000;0,0000;0,0000;0,0000;0,0399;0,0119;0,0179;0,0000;0,0000;0,0000;0,0000;0,0000;0,0000;0,0000;0,0000;0,0000;0,0906;0,1767;0,0000;0,0000;0,0000;0,0000;0,0696;0,0455;0,0732;0,0097;0,0326;0,0000;0,0714;0,0010;0,1014;0,0960;0,0000;0,0000;0,0000;0,0250;0,0000;0,0255;0,0000;0,0000;0,0109;0,0109;0,0000;0,0000;0,0000;0,0001;0,0013;0,0000;0,0033;0,0000;0,0537;0,0000;0,0000;0,0000;0,0291;0,0000;0,0000;0,1018;0,0607;0,0010;0,0736;0,0000;0,0083;0,0003;0,0002;0,0000;0,0000;0,0003;0,0000;0,0002
6,054929;0,0000;0,0000;0,0000;0,0000;0,0282;0,0110;0,0117;0,0000;0,0000;0,0000;0,0000;0,0000;0,0000;0,0000;0,0000;0,0000;0,0000;0,0000;0,4914;0,4084;0,0000;0,0000;0,0424;0,0138;0,0713;0,0085;0,0136;0,0000;0,0264;0,0003;0,1008;0,0899;0,0000;0,0000;0,0000;0,0324;0,0000;0,0327;0,0000;0,0000;0,0109;0,0098;0,0000;0,0000;0,0000;0,0000;0,0047;0,0000;0,0022;0,0000;0,0635;0,0000;0,0000;0,0000;0,0146;0,0000;0,0000;0,0886;0,0185;0,1971;0,0000;0,0000;0,0019;0,0000;0,0000;0,0000;0,0000;0,0000;0,0000;0,0000
6,181247;0,0000;0,0000;0,0000;0,0000;0,0177;0,0109;0,0207;0,0000;0,0000;0,0000;0,0000;0,0000;0,0000;0,0000;0,0000;0,0000;0,0000;0,0000;0,4856;0,4025;0,0000;0,0000;0,0201;0,0056;0,0576;0,0087;0,0189;0,0000;0,0134;0,0001;0,0971;0,0803;0,0000;0,0000;0,0000;0,0241;0,0000;0,0243;0,0000;0,0000;0,0109;0,0084;0,0000;0,0000;0,0000;0,0000;0,0046;0,0000;0,0038;0,0000;0,0550;0,0000;0,0000;0,0000;0,0188;0,0000;0,0000;0,0555;0,0060;0,1380;0,0000;0,0000;0,0004;0,0000;0,0000;0,0000;0,0000;0,0000;0,0000;0,0000
6,427171;0,0000;0,0000;0,0000;0,0000;0,0211;0,0109;0,0120;0,0000;0,0000;0,0000;0,0000;0,0000;0,0000;0,0000;0,0000;0,0000;0,0000;0,0000;0,3191;0,2340;0,0000;0,0000;0,0309;0,0018;0,0710;0,0067;0,0488;0,0000;0,0030;0,0000;0,1118;0,0878;0,0000;0,0000;0,0000;0,0198;0,0000;0,0118;0,0000;0,0000;0,0109;0,0057;0,0000;0,0088;0,0000;0,0000;0,0008;0,0000;0,0001;0,0000;0,0606;0,0000;0,0000;0,0000;0,0517;0,0000;0,0000;0,0788;0,0006;0,0011;0,0000;0,0000;0,0038;0,0000;0,0000;0,0000;0,0000;0,0000;0,0000;0,0000
6,509758;0,0000;0,0000;0,0000;0,0000;0,0211;0,0109;0,0120;0,0000;0,0000;0,0000;0,0000;0,0000;0,0000;0,0000;0,0000;0,0000;0,0000;0,0000;0,3191;0,2340;0,0000;0,0000;0,0309;0,0018;0,0710;0,0067;0,0488;0,0000;0,0030;0,0000;0,1118;0,0878;0,0000;0,0000;0,0000;0,0198;0,0000;0,0118;0,0000;0,0000;0,0109;0,0057;0,0000;0,0088;0,0000;0,0000;0,0008;0,0000;0,0001;0,0000;0,0606;0,0000;0,0000;0,0000;0,0517;0,0000;0,0000;0,0788;0,0006;0,0011;0,0000;0,0000;0,0038;0,0000;0,0000;0,0000;0,0000;0,0000;0,0000;0,0000
6,673444;0,0000;0,0000;0,0000;0,0000;0,0578;0,0216;0,0127;0,0000;0,0000;0,0000;0,0000;0,0000;0,0000;0,0000;0,0000;0,0000;0,0000;0,0000;0,2561;0,1702;0,0000;0,0000;0,0640;0,0238;0,0683;0,0107;0,0266;0,0000;0,1092;0,0000;0,1404;0,1006;0,0000;0,0000;0,0000;0,0292;0,0000;0,0204;0,0000;0,0000;0,0109;0,0063;0,0000;0,0004;0,0038;0,0080;0,0101;0,0000;0,0078;0,0000;0,0648;0,0000;0,0000;0,0000;0,0171;0,0000;0,0000;0,0841;0,0001;0,0019;0,0000;0,0000;0,0022;0,0000;0,0000;0,0000;0,0000;0,0000;0,0000;0,0000
6,795852;0,0000;0,0000;0,0000;0,0000;0,0726;0,0361;0,0113;0,0000;0,0000;0,0000;0,0000;0,0000;0,0000;0,0000;0,0000;0,0000;0,0000;0,0158;0,0709;0,0000;0,0000;0,0000;0,0628;0,0223;0,0658;0,0072;0,0115;0,0000;0,1084;0,0008;0,0865;0,0610;0,0000;0,0000;0,0000;0,0145;0,0000;0,0128;0,0000;0,0000;0,0109;0,0012;0,0000;0,0001;0,0088;0,0030;0,0107;0,0000;0,0014;0,0000;0,0585;0,0000;0,0000;0,0000;0,0113;0,0000;0,0000;0,0677;0,0001;0,0002;0,0000;0,0000;0,0095;0,0000;0,0000;0,0000;0,0000;0,0000;0,0000;0,0000
6,983565;0,0000;0,0000;0,0000;0,0000;0,0516;0,0158;0,0109;0,0000;0,0000;0,0000;0,0000;0,0000;0,0000;0,0000;0,0000;0,0000;0,0000;0,0000;0,1727;0,0866;0,0000;0,0000;0,0395;0,0160;0,0732;0,0104;0,0187;0,0000;0,0405;0,0001;0,1107;0,0771;0,0000;0,0000;0,0000;0,0239;0,0000;0,0246;0,0000;0,0000;0,0084;0,0037;0,0000;0,0000;0,0209;0,0023;0,0108;0,0000;0,0008;0,0000;0,0604;0,0000;0,0000;0,0000;0,0153;0,0000;0,0000;0,0415;0,0000;0,0000;0,0000;0,0000;0,0035;0,0000;0,0000;0,0000;0,0000;0,0000;0,0000;0,0000
7,090837;0,0000;0,0000;0,0000;0,0000;0,0577;0,0297;0,0069;0,0000;0,0000;0,0000;0,0000;0,0000;0,0000;0,0000;0,0000;0,0000;0,0000;0,0000;0,1074;0,0211;0,0000;0,0000;0,0363;0,0154;0,0954;0,0025;0,0171;0,0000;0,0546;0,0000;0,0817;0,0609;0,0000;0,0000;0,0000;0,0032;0,0000;0,0067;0,0000;0,0000;0,0046;0,0008;0,0000;0,0000;0,0268;0,0059;0,0231;0,0000;0,0002;0,0000;0,0687;0,0000;0,0000;0,0000;0,0171;0,0000;0,0000;0,0317;0,0000;0,0000;0,0000;0,0000;0,0034;0,0000;0,0000;0,0000;0,0000;0,0000;0,0000;0,0000
7,207562;0,0000;0,0000;0,0000;0,0000;0,0387;0,0252;0,0067;0,0000;0,0000;0,0000;0,0000;0,0000;0,0000;0,0000;0,0000;0,0000;0,0000;0,0000;0,7328;0,6539;0,0000;0,0000;0,0228;0,0079;0,0748;0,0002;0,0113;0,0000;0,0001;0,0012;0,0568;0,0386;0,0000;0,0000;0,0000;0,0001;0,0000;0,0019;0,0000;0,0000;0,0004;0,0002;0,0000;0,0000;0,0252;0,0016;0,0125;0,0000;0,0000;0,0000;0,0531;0,0000;0,0000;0,0000;0,0099;0,0000;0,0000;0,0334;0,0000;0,0000;0,0000;0,0000;0,0039;0,0000;0,0000;0,0000;0,0000;0,0000;0,0000;0,0000
7,386319;0,0000;0,0000;0,0000;0,0000;0,0525;0,0299;0,0104;0,0000;0,0000;0,0000;0,0000;0,0000;0,0000;0,0000;0,0000;0,0000;0,0000;0,0000;0,7287;0,6498;0,0000;0,0000;0,0175;0,0039;0,0584;0,0057;0,0187;0,0000;0,0000;0,0017;0,0797;0,0602;0,0000;0,0000;0,0000;0,0203;0,0000;0,0088;0,0000;0,0000;0,0081;0,0000;0,0025;0,0000;0,0357;0,0022;0,0245;0,0000;0,0024;0,0000;0,0567;0,0000;0,0000;0,0000;0,0188;0,0000;0,0000;0,0306;0,0000;0,0000;0,0000;0,0000;0,0100;0,0000;0,0000;0,0000;0,0000;0,0000;0,0000;0,0000
7,614318;0,0000;0,0000;0,0000;0,0000;0,0115;0,0076;0,0102;0,0000;0,0000;0,0000;0,0000;0,0000;0,0000;0,0000;0,0000;0,0000;0,0000;0,0000;0,4085;0,3243;0,1693;0,1717;0,0068;0,0011;0,0728;0,0004;0,0110;0,0000;0,0001;0,0005;0,0779;0,0692;0,0000;0,0000;0,0000;0,0005;0,0000;0,0006;0,0000;0,0000;0,0006;0,0025;0,0002;0,0000;0,0001;0,0001;0,0011;0,0000;0,0005;0,0000;0,0495;0,0000;0,0000;0,0000;0,0202;0,0000;0,0000;0,0158;0,0000;0,0000;0,0000;0,0000;0,0003;0,0031;0,1995;0,0001;0,0005;0,0017;0,0000;0,0232
7,70807;0,0000;0,0000;0,0000;0,0000;0,0179;0,0103;0,0208;0,0000;0,0000;0,0000;0,0000;0,0000;0,0000;0,0000;0,0000;0,0000;0,0000;0,0000;0,2769;0,1915;0,1497;0,1511;0,0043;0,0006;0,0815;0,0036;0,0422;0,0000;0,0000;0,0002;0,1016;0,0810;0,0000;0,0000;0,0000;0,0155;0,0000;0,0167;0,0000;0,0000;0,0082;0,0086;0,0001;0,0000;0,0180;0,0000;0,0084;0,0000;0,0084;0,0000;0,0624;0,0000;0,0000;0,0000;0,0464;0,0000;0,0000;0,0125;0,0000;0,0000;0,0000;0,0000;0,0081;0,0054;0,0433;0,0003;0,0010;0,0045;0,0000;0,0164
8,027352;0,0000;0,0000;0,0000;0,0000;0,0158;0,0109;0,0262;0,0000;0,0000;0,0000;0,0000;0,0000;0,0000;0,0000;0,0000;0,0000;0,0000;0,0000;0,1496;0,0632;0,1893;0,1901;0,0005;0,0001;0,0763;0,0053;0,0472;0,0000;0,0000;0,0000;0,1031;0,0993;0,0000;0,0000;0,0000;0,0314;0,0002;0,0280;0,0000;0,0000;0,0108;0,0108;0,0000;0,0038;0,0082;0,0050;0,0108;0,0000;0,0153;0,0000;0,0647;0,0000;0,0000;0,0000;0,0361;0,0000;0,0000;0,0011;0,0000;0,0000;0,0000;0,0000;0,0108;0,0013;0,0027;0,0001;0,0001;0,0009;0,0000;0,0012
8,161661;0,0000;0,0000;0,0000;0,0000;0,0166;0,0109;0,0219;0,0000;0,0000;0,0000;0,0000;0,0000;0,0000;0,0000;0,0000;0,0000;0,0000;0,0000;0,1022;0,0157;0,1936;0,1940;0,0002;0,0000;0,1202;0,0094;0,0463;0,0000;0,0000;0,0000;0,0877;0,0755;0,0000;0,0000;0,0000;0,0197;0,0001;0,0195;0,0000;0,0000;0,0109;0,0109;0,0000;0,0007;0,0206;0,0008;0,0109;0,0000;0,0050;0,0000;0,0721;0,0000;0,0000;0,0000;0,0275;0,0000;0,0000;0,0005;0,0000;0,0000;0,0000;0,0000;0,0085;0,0019;0,0066;0,0001;0,0001;0,0019;0,0000;0,0029
8,271105;0,0000;0,0000;0,0000;0,0000;0,0113;0,0024;0,0140;0,0016;0,0000;0,0000;0,0000;0,0000;0,0000;0,0000;0,0000;0,0000;0,0000;0,0000;0,1560;0,0698;0,1597;0,1604;0,0001;0,0000;0,1239;0,0008;0,0262;0,0000;0,0000;0,0000;0,0767;0,0633;0,0000;0,0000;0,0000;0,0006;0,0000;0,0007;0,0000;0,0000;0,0007;0,0007;0,0000;0,0002;0,0257;0,0001;0,0109;0,0000;0,0003;0,0000;0,0681;0,0000;0,0000;0,0000;0,0144;0,0000;0,0000;0,0002;0,0000;0,0000;0,0000;0,0000;0,0030;0,0004;0,0009;0,0000;0,0000;0,0004;0,0000;0,0005
8,435017;0,0000;0,0000;0,0000;0,0000;0,0241;0,0096;0,0111;0,0003;0,0000;0,0000;0,0000;0,0000;0,0000;0,0000;0,0000;0,0000;0,0000;0,0000;0,1461;0,0599;0,1568;0,1575;0,0000;0,0000;0,0688;0,0001;0,0145;0,0000;0,0000;0,0000;0,0666;0,0583;0,0000;0,0000;0,0000;0,0290;0,0000;0,0252;0,0000;0,0000;0,0091;0,0091;0,0000;0,0000;0,0456;0,0000;0,0457;0,0000;0,0000;0,0000;0,0625;0,0000;0,0000;0,0000;0,0178;0,0000;0,0000;0,0001;0,0000;0,0000;0,0000;0,0000;0,0099;0,0714;0,1096;0,0004;0,0006;0,0030;0,0000;0,0344
8,532706;0,0000;0,0000;0,0000;0,0000;0,0215;0,0105;0,0204;0,0001;0,0000;0,0000;0,0000;0,0000;0,0000;0,0000;0,0000;0,0000;0,0000;0,0000;0,1402;0,0539;0,1503;0,1509;0,0000;0,0000;0,0692;0,0035;0,0283;0,0000;0,0000;0,0000;0,0862;0,0837;0,0000;0,0000;0,0000;0,0374;0,0000;0,0337;0,0000;0,0000;0,0105;0,0105;0,0000;0,0000;0,0201;0,0000;0,0219;0,0000;0,0056;0,0000;0,0674;0,0000;0,0000;0,0000;0,0299;0,0000;0,0000;0,0001;0,0000;0,0000;0,0000;0,0000;0,0106;0,0214;0,0350;0,0003;0,0007;0,0027;0,0000;0,0117
8,711478;0,0000;0,0000;0,0000;0,0000;0,0423;0,0171;0,0140;0,0000;0,0000;0,0000;0,0000;0,0000;0,0000;0,0000;0,0000;0,0000;0,0000;0,0000;0,1449;0,0581;0,2728;0,2740;0,0286;0,0125;0,1148;0,0107;0,0598;0,0000;0,0250;0,0000;0,1006;0,0905;0,0000;0,0000;0,0000;0,0426;0,0000;0,0329;0,0000;0,0000;0,0138;0,0108;0,0000;0,0000;0,0024;0,0000;0,0085;0,0000;0,0242;0,0000;0,0746;0,0000;0,0000;0,0000;0,0574;0,0000;0,0000;0,0163;0,0030;0,0000;0,0000;0,0000;0,0094;0,0011;0,0009;0,0000;0,0001;0,0004;0,0000;0,0009
8,830513;0,0000;0,0000;0,0000;0,0000;0,0153;0,0078;0,0258;0,0000;0,0000;0,0000;0,0000;0,0000;0,0000;0,0000;0,0000;0,0000;0,0000;0,0000;0,1674;0,0805;0,3058;0,3073;0,0133;0,0063;0,1293;0,0039;0,0554;0,0000;0,0050;0,0000;0,1030;0,1024;0,0000;0,0000;0,0000;0,0291;0,0000;0,0236;0,0000;0,0000;0,0173;0,0109;0,0000;0,0000;0,0068;0,0000;0,0102;0,0000;0,0182;0,0000;0,0819;0,0000;0,0000;0,0000;0,0476;0,0000;0,0000;0,0081;0,0016;0,0000;0,0000;0,0000;0,0104;0,0003;0,0002;0,0000;0,0000;0,0001;0,0000;0,0003
9,005285;0,0000;0,0000;0,0000;0,0000;0,0110;0,0010;0,0171;0,0000;0,0000;0,0000;0,0000;0,0000;0,0000;0,0000;0,0000;0,0000;0,0000;0,0000;0,1643;0,0773;0,3157;0,3172;0,0036;0,0018;0,1313;0,0002;0,0487;0,0000;0,0002;0,0000;0,0997;0,0927;0,0000;0,0000;0,0000;0,0110;0,0000;0,0110;0,0000;0,0000;0,0113;0,0078;0,0000;0,0000;0,0362;0,0000;0,0360;0,0000;0,0104;0,0000;0,0834;0,0000;0,0000;0,0000;0,0459;0,0000;0,0000;0,0023;0,0005;0,0000;0,0000;0,0000;0,0108;0,0018;0,0392;0,0001;0,0001;0,0014;0,0000;0,0237
9,130932;0,0000;0,0000;0,0000;0,0000;0,0109;0,0078;0,0256;0,0000;0,0000;0,0000;0,0000;0,0000;0,0000;0,0000;0,0000;0,0000;0,0000;0,0000;0,4762;0,3925;0,2736;0,2783;0,0019;0,0010;0,1407;0,0000;0,0701;0,0000;0,0001;0,0000;0,0743;0,0725;0,0000;0,0000;0,0000;0,0109;0,0000;0,0109;0,0000;0,0000;0,0110;0,0047;0,0000;0,0000;0,0494;0,0000;0,0361;0,0000;0,0048;0,0000;0,0890;0,0000;0,0000;0,0000;0,0507;0,0000;0,0000;0,0013;0,0003;0,0000;0,0000;0,0000;0,0109;0,0005;0,0024;0,0000;0,0000;0,0004;0,0000;0,0033
9,297738;0,0000;0,0000;0,0000;0,0000;0,0109;0,0005;0,0271;0,0000;0,0000;0,0000;0,0000;0,0000;0,0000;0,0000;0,0000;0,0000;0,0000;0,0000;0,4716;0,3878;0,2777;0,2824;0,0006;0,0003;0,0965;0,0000;0,0157;0,0000;0,0000;0,0000;0,0772;0,0661;0,0000;0,0000;0,0000;0,0127;0,0000;0,0116;0,0000;0,0000;0,0097;0,0083;0,0000;0,0000;0,0392;0,0000;0,0400;0,0000;0,0003;0,0000;0,0770;0,0000;0,0000;0,0000;0,0277;0,0000;0,0000;0,0004;0,0001;0,0000;0,0000;0,0000;0,0109;0,0001;0,0001;0,0000;0,0000;0,0000;0,0000;0,0002
9,427233;0,0000;0,0000;0,0000;0,0000;0,0109;0,0045;0,0174;0,0000;0,0000;0,0000;0,0000;0,0000;0,0000;0,0000;0,0000;0,0000;0,0000;0,0000;0,4785;0,3948;0,2686;0,2732;0,0003;0,0002;0,0882;0,0000;0,0331;0,0000;0,0000;0,0000;0,0805;0,0598;0,0000;0,0000;0,0000;0,0088;0,0000;0,0083;0,0000;0,0000;0,0048;0,0049;0,0000;0,0000;0,0616;0,0000;0,0582;0,0000;0,0043;0,0000;0,0766;0,0000;0,0000;0,0000;0,0345;0,0000;0,0000;0,0002;0,0001;0,0000;0,0000;0,0000;0,0109;0,0000;0,0000;0,0000;0,0000;0,0000;0,0000;0,0001
9,587115;0,0000;0,0000;0,0000;0,0000;0,0275;0,0106;0,0110;0,0000;0,0000;0,0000;0,0000;0,0000;0,0000;0,0000;0,0000;0,0000;0,0000;0,0635;0,0227;0,0000;0,0891;0,0890;0,0001;0,0001;0,0950;0,0000;0,0337;0,0000;0,0000;0,0000;0,0685;0,0580;0,0000;0,0000;0,0000;0,0046;0,0000;0,0047;0,0000;0,0000;0,0031;0,0002;0,0031;0,0011;0,0660;0,0000;0,0660;0,0000;0,0002;0,0000;0,0710;0,0000;0,0000;0,0045;0,0449;0,0000;0,0000;0,0001;0,0000;0,0000;0,0000;0,0000;0,0109;0,0000;0,0000;0,0000;0,0000;0,0000;0,0000;0,0000
9,710034;0,0000;0,0000;0,0000;0,0000;0,0273;0,0108;0,0202;0,0000;0,0000;0,0000;0,0000;0,0000;0,0058;0,0000;0,0000;0,0000;0,0000;0,0633;0,0230;0,0000;0,0905;0,0905;0,0001;0,0000;0,0952;0,0000;0,0134;0,0000;0,0000;0,0000;0,0680;0,0438;0,0000;0,0000;0,0000;0,0011;0,0000;0,0011;0,0000;0,0000;0,0010;0,0001;0,0012;0,0005;0,0466;0,0000;0,0456;0,0000;0,0001;0,0000;0,0736;0,0000;0,0000;0,0018;0,0136;0,0000;0,0000;0,0000;0,0000;0,0000;0,0000;0,0000;0,0050;0,0000;0,0000;0,0000;0,0000;0,0000;0,0000;0,0000
9,872035;0,0000;0,0000;0,0000;0,0000;0,0203;0,0109;0,0141;0,0000;0,0000;0,0000;0,0000;0,0000;0,0005;0,0000;0,0000;0,0000;0,0000;0,0000;0,1547;0,0684;0,1886;0,1894;0,0000;0,0000;0,0571;0,0000;0,0120;0,0000;0,0003;0,0000;0,0590;0,0390;0,0000;0,0000;0,0000;0,0000;0,0000;0,0000;0,0000;0,0000;0,0001;0,0000;0,0001;0,0001;0,0346;0,0000;0,0255;0,0000;0,0000;0,0000;0,0539;0,0000;0,0000;0,0002;0,0118;0,0000;0,0000;0,0000;0,0000;0,0000;0,0000;0,0000;0,0058;0,5609;0,0230;0,0003;0,0012;0,0031;0,0000;0,0398
9,956602;0,0000;0,0000;0,0000;0,0000;0,0167;0,0109;0,0053;0,0000;0,0000;0,0000;0,0000;0,0000;0,0002;0,0000;0,0000;0,0000;0,0000;0,0000;0,1633;0,0770;0,1885;0,1894;0,0000;0,0000;0,0578;0,0000;0,0111;0,0000;0,0002;0,0000;0,0573;0,0382;0,0000;0,0000;0,0000;0,0000;0,0000;0,0000;0,0000;0,0000;0,0000;0,0000;0,0000;0,0000;0,0548;0,0000;0,0490;0,0000;0,0000;0,0000;0,0533;0,0000;0,0000;0,0001;0,0110;0,0000;0,0000;0,0000;0,0000;0,0000;0,0000;0,0000;0,0090;0,0943;0,0336;0,0005;0,0013;0,0048;0,0000;0,0240
10,10345;0,0000;0,0000;0,0000;0,0000;0,0139;0,0109;0,0044;0,0000;0,0000;0,0000;0,0000;0,0000;0,0000;0,0000;0,0000;0,0000;0,0368;0,1241;0,0000;0,0000;0,3432;0,3421;0,0000;0,0000;0,0642;0,0000;0,0158;0,0000;0,0000;0,0000;0,0706;0,0536;0,0000;0,0000;0,0000;0,0000;0,0000;0,0000;0,0000;0,0000;0,0000;0,0000;0,0045;0,0000;0,0656;0,0000;0,0631;0,0016;0,0000;0,0000;0,0627;0,0000;0,0000;0,0000;0,0307;0,0000;0,0000;0,0000;0,0000;0,0000;0,0000;0,0000;0,0106;0,0000;0,0021;0,0001;0,0002;0,0007;0,0000;0,0017
10,18292;0,0000;0,0000;0,0000;0,0000;0,0125;0,0109;0,0066;0,0000;0,0000;0,0000;0,0000;0,0000;0,0000;0,0000;0,0000;0,0000;0,0614;0,1486;0,0000;0,0000;0,3452;0,3438;0,0000;0,0000;0,0647;0,0000;0,0136;0,0000;0,0000;0,0000;0,0686;0,0539;0,0000;0,0000;0,0000;0,0000;0,0000;0,0000;0,0000;0,0000;0,0000;0,0000;0,0028;0,0000;0,0476;0,0000;0,0485;0,0011;0,0000;0,0000;0,0602;0,0000;0,0000;0,0000;0,0189;0,0000;0,0000;0,0000;0,0000;0,0000;0,0000;0,0000;0,0107;0,0000;0,0012;0,0001;0,0001;0,0004;0,0000;0,0009
10,36124;0,0000;0,0000;0,0000;0,0000;0,0109;0,0009;0,0105;0,0000;0,0000;0,0000;0,0000;0,0000;0,0000;0,0000;0,0000;0,0000;0,0560;0,1432;0,0000;0,0000;0,3544;0,3530;0,0000;0,0000;0,0624;0,0000;0,0110;0,0000;0,0000;0,0000;0,0613;0,0523;0,0000;0,0000;0,0000;0,0000;0,0000;0,0000;0,0000;0,0000;0,0000;0,0000;0,0002;0,0000;0,0313;0,0000;0,0199;0,0001;0,0000;0,0000;0,0581;0,0000;0,0000;0,0000;0,0096;0,0000;0,0000;0,0000;0,0000;0,0000;0,0000;0,0000;0,0093;0,0000;0,0001;0,0000;0,0000;0,0000;0,0000;0,0001
10,48706;0,0000;0,0000;0,0000;0,0000;0,0142;0,0002;0,0012;0,0000;0,0000;0,0000;0,0000;0,0000;0,0000;0,0000;0,0000;0,0000;0,0000;0,0203;0,0675;0,0000;0,4031;0,4035;0,0000;0,0000;0,0570;0,0000;0,0109;0,0000;0,0000;0,0000;0,0640;0,0512;0,0000;0,0000;0,0000;0,0000;0,0000;0,0000;0,0000;0,0000;0,0000;0,0000;0,0001;0,0000;0,0404;0,0000;0,0351;0,0000;0,0000;0,0000;0,0558;0,0000;0,0000;0,0000;0,0203;0,0000;0,0000;0,0000;0,0000;0,0000;0,0000;0,0000;0,0104;0,0000;0,0000;0,0000;0,0000;0,0000;0,0000;0,0000
10,63431;0,0000;0,0000;0,0000;0,0000;0,0117;0,0000;0,0073;0,0000;0,0000;0,0000;0,0000;0,0000;0,0000;0,0000;0,0000;0,0000;0,0000;0,0087;0,0788;0,0000;0,3765;0,3770;0,0000;0,0000;0,0551;0,0000;0,0109;0,0000;0,0000;0,0000;0,0632;0,0463;0,0000;0,0000;0,0000;0,0000;0,0000;0,0000;0,0000;0,0000;0,0000;0,0000;0,0000;0,0000;0,0059;0,0000;0,0118;0,0000;0,0000;0,0000;0,0398;0,0000;0,0000;0,0000;0,0129;0,0000;0,0000;0,0000;0,0000;0,0000;0,0000;0,0000;0,0084;0,0000;0,0000;0,0000;0,0000;0,0000;0,0000;0,0000
10,7035;0,0000;0,0000;0,0000;0,0000;0,0114;0,0058;0,0088;0,0000;0,0000;0,0000;0,0000;0,0000;0,0000;0,0000;0,0000;0,0000;0,0000;0,0000;0,2839;0,1979;0,2893;0,2921;0,0000;0,0000;0,0824;0,0000;0,0109;0,0000;0,0000;0,0000;0,0455;0,0414;0,0000;0,0000;0,0000;0,0000;0,0000;0,0000;0,0000;0,0000;0,0000;0,0000;0,0000;0,0000;0,0017;0,0000;0,0039;0,0000;0,0000;0,0000;0,0417;0,0000;0,0000;0,0000;0,0121;0,0000;0,0000;0,0000;0,0000;0,0000;0,0000;0,0000;0,0093;0,0000;0,0000;0,0000;0,0000;0,0000;0,0000;0,0000
10,79984;0,0000;0,0000;0,0000;0,0000;0,0110;0,0079;0,0105;0,0038;0,0000;0,0000;0,0000;0,0000;0,0000;0,0000;0,0000;0,0000;0,0000;0,0000;0,5259;0,4433;0,1868;0,1903;0,0000;0,0000;0,0866;0,0000;0,0393;0,0000;0,0000;0,0000;0,0727;0,0673;0,0000;0,0000;0,0000;0,0096;0,0000;0,0096;0,0000;0,0000;0,0096;0,0000;0,0000;0,0000;0,0019;0,0000;0,0090;0,0000;0,0084;0,0000;0,0704;0,0000;0,0000;0,0000;0,0422;0,0000;0,0000;0,0000;0,0000;0,0000;0,0000;0,0000;0,0093;0,0000;0,0000;0,0000;0,0000;0,0000;0,0000;0,0000
10,93234;0,0000;0,0000;0,0000;0,0000;0,0109;0,0052;0,0232;0,0028;0,0000;0,0000;0,0000;0,0000;0,0000;0,0000;0,0000;0,0000;0,0000;0,0000;0,5221;0,4394;0,1879;0,1915;0,0000;0,0000;0,0699;0,0059;0,0213;0,0000;0,0000;0,0000;0,0868;0,0861;0,0000;0,0000;0,0000;0,0151;0,0000;0,0106;0,0000;0,0000;0,0106;0,0096;0,0000;0,0000;0,0002;0,0000;0,0044;0,0000;0,0235;0,0075;0,0677;0,0000;0,0000;0,0000;0,0240;0,0000;0,0000;0,0000;0,0000;0,0000;0,0000;0,0000;0,0048;0,0000;0,0000;0,0000;0,0000;0,0000;0,0000;0,0000
11,0708;0,0000;0,0000;0,0000;0,0000;0,0208;0,0088;0,0124;0,0003;0,0000;0,0000;0,0000;0,0000;0,0000;0,0000;0,0000;0,0000;0,0000;0,0000;0,4875;0,4044;0,1701;0,1731;0,0000;0,0000;0,0639;0,0007;0,0193;0,0000;0,0000;0,0000;0,0740;0,0652;0,0000;0,0000;0,0000;0,0055;0,0000;0,0052;0,0000;0,0000;0,0108;0,0063;0,0000;0,0000;0,0000;0,0000;0,0060;0,0000;0,0103;0,0008;0,0598;0,0000;0,0000;0,0000;0,0291;0,0000;0,0000;0,0000;0,0000;0,0000;0,0000;0,0000;0,0030;0,0033;0,0045;0,0001;0,0001;0,0020;0,0000;0,0023
11,20981;0,0000;0,0000;0,0000;0,0000;0,0304;0,0104;0,0258;0,0001;0,0000;0,0000;0,0000;0,0000;0,0072;0,0000;0,0000;0,0000;0,0000;0,0363;0,0499;0,0000;0,0220;0,0220;0,0000;0,0000;0,1093;0,0038;0,0398;0,0000;0,0023;0,0000;0,0876;0,0624;0,0000;0,0000;0,0000;0,0086;0,0000;0,0032;0,0000;0,0000;0,0037;0,0013;0,0000;0,0000;0,0165;0,0038;0,0174;0,0000;0,0085;0,0002;0,0597;0,0000;0,0000;0,0000;0,0396;0,0000;0,0000;0,0000;0,0000;0,0000;0,0000;0,0000;0,0095;0,0030;0,0071;0,0001;0,0001;0,0028;0,0000;0,0024
11,35806;0,0000;0,0000;0,0000;0,0000;0,0274;0,0108;0,0271;0,0000;0,0000;0,0000;0,0000;0,0000;0,0127;0,0000;0,0000;0,0000;0,0000;0,0286;0,0575;0,0000;0,0223;0,0223;0,0000;0,0000;0,1231;0,0005;0,0330;0,0000;0,0003;0,0000;0,0672;0,0561;0,0000;0,0000;0,0000;0,0004;0,0000;0,0002;0,0000;0,0000;0,0002;0,0001;0,0000;0,0000;0,0249;0,0005;0,0119;0,0000;0,0004;0,0000;0,0620;0,0000;0,0000;0,0000;0,0189;0,0000;0,0000;0,0000;0,0000;0,0000;0,0000;0,0000;0,0107;0,0004;0,0008;0,0000;0,0000;0,0004;0,0000;0,0003
11,47741;0,0000;0,0000;0,0000;0,0000;0,0272;0,0108;0,0139;0,0000;0,0000;0,0000;0,0000;0,0000;0,0059;0,0000;0,0000;0,0000;0,0000;0,0130;0,0732;0,0000;0,0194;0,0194;0,0000;0,0000;0,0842;0,0002;0,0272;0,0000;0,0001;0,0000;0,0702;0,0595;0,0000;0,0000;0,0000;0,0001;0,0000;0,0001;0,0000;0,0000;0,0001;0,0000;0,0000;0,0000;0,0255;0,0002;0,0210;0,0000;0,0055;0,0000;0,0678;0,0000;0,0000;0,0000;0,0447;0,0000;0,0000;0,0000;0,0000;0,0000;0,0000;0,0000;0,0108;0,0001;0,0003;0,0000;0,0000;0,0001;0,0000;0,0001
11,63892;0,0000;0,0000;0,0000;0,0000;0,0532;0,0320;0,0175;0,0000;0,0000;0,0000;0,0000;0,0000;0,0493;0,0125;0,0000;0,0000;0,1125;0,1984;0,0000;0,0000;0,0738;0,0734;0,0175;0,0130;0,0650;0,0000;0,0368;0,0000;0,0198;0,0042;0,0844;0,0739;0,0000;0,0000;0,0000;0,0204;0,0000;0,0205;0,0000;0,0000;0,0098;0,0050;0,0000;0,0000;0,0059;0,0000;0,0126;0,0000;0,0048;0,0000;0,0550;0,0000;0,0000;0,0000;0,0349;0,0000;0,0000;0,0000;0,0000;0,0000;0,0000;0,0000;0,0109;0,0000;0,0000;0,0000;0,0000;0,0000;0,0000;0,0000
11,78322;0,0000;0,0000;0,0000;0,0000;0,0417;0,0132;0,0133;0,0000;0,0000;0,0000;0,0000;0,0000;0,0173;0,0017;0,0000;0,0000;0,0715;0,1575;0,0000;0,0000;0,0938;0,0934;0,0083;0,0064;0,0548;0,0038;0,0174;0,0000;0,0023;0,0012;0,0813;0,0606;0,0000;0,0000;0,0000;0,0096;0,0000;0,0097;0,0000;0,0000;0,0042;0,0041;0,0000;0,0000;0,0024;0,0000;0,0048;0,0000;0,0010;0,0000;0,0472;0,0000;0,0000;0,0000;0,0281;0,0000;0,0000;0,0000;0,0000;0,0000;0,0000;0,0000;0,0109;0,0178;0,1116;0,0003;0,0005;0,0054;0,0000;0,0059
11,92941;0,0273;0,0000;0,0000;0,0000;0,0944;0,0600;0,0158;0,0000;0,0000;0,0000;0,0000;0,0000;0,6221;0,3485;0,0000;0,0000;0,0000;0,0727;0,0138;0,0000;0,1891;0,1889;0,1028;0,0704;0,0573;0,0041;0,0240;0,0000;0,1135;0,0906;0,1058;0,0896;0,0000;0,0000;0,0000;0,0184;0,0000;0,0168;0,0000;0,0000;0,0096;0,0084;0,0000;0,0000;0,0040;0,0000;0,0099;0,0000;0,0024;0,0000;0,0572;0,0000;0,0000;0,0000;0,0289;0,0000;0,0000;0,0219;0,0090;0,0000;0,0000;0,0000;0,0098;0,0025;0,0072;0,0001;0,0001;0,0009;0,0000;0,0009
12,06777;0,0097;0,0000;0,0000;0,0000;0,0158;0,0139;0,0114;0,0000;0,0000;0,0000;0,0000;0,0000;0,0009;0,0003;0,0000;0,0000;0,0000;0,0000;0,1225;0,0358;0,2512;0,2520;0,0271;0,0199;0,0834;0,0073;0,0287;0,0000;0,0021;0,0006;0,1036;0,0805;0,0000;0,0000;0,0000;0,0145;0,0000;0,0119;0,0000;0,0000;0,0107;0,0067;0,0000;0,0000;0,0003;0,0000;0,0023;0,0000;0,0210;0,0000;0,0597;0,0000;0,0000;0,0000;0,0281;0,0000;0,0000;0,0119;0,0037;0,0000;0,0000;0,0000;0,0035;0,0005;0,0010;0,0000;0,0000;0,0002;0,0000;0,0002
12,21686;0,0032;0,0000;0,0000;0,0000;0,0280;0,0109;0,0265;0,0000;0,0000;0,0000;0,0000;0,0000;0,0131;0,0105;0,0000;0,0000;0,0000;0,0000;0,2620;0,1760;0,2484;0,2506;0,0059;0,0050;0,0895;0,0006;0,0451;0,0000;0,0031;0,0000;0,0802;0,0655;0,0000;0,0000;0,0000;0,0006;0,0000;0,0006;0,0000;0,0000;0,0008;0,0005;0,0025;0,0025;0,0338;0,0000;0,0298;0,0000;0,0008;0,0000;0,0580;0,0000;0,0000;0,0000;0,0449;0,0000;0,0000;0,0036;0,0013;0,0000;0,0000;0,0000;0,0066;0,0008;0,0019;0,0000;0,0001;0,0006;0,0000;0,0008
12,29444;0,0357;0,0000;0,0000;0,0000;0,1071;0,0539;0,0183;0,0000;0,0000;0,0000;0,0000;0,0000;0,8240;0,4127;0,0000;0,0000;0,0000;0,0000;0,2620;0,1760;0,2484;0,2506;0,0550;0,0441;0,0911;0,0004;0,0228;0,0000;0,1228;0,0886;0,0778;0,0586;0,0000;0,0000;0,0000;0,0003;0,0000;0,0004;0,0000;0,0000;0,0004;0,0003;0,0016;0,0016;0,0493;0,0000;0,0354;0,0000;0,0005;0,0000;0,0592;0,0000;0,0000;0,0000;0,0226;0,0000;0,0000;0,0029;0,0011;0,0000;0,0000;0,0000;0,0084;0,0005;0,0011;0,0000;0,0000;0,0004;0,0000;0,0005
12,44709;0,0103;0,0000;0,0000;0,0000;0,0631;0,0313;0,0105;0,0000;0,0000;0,0000;0,0000;0,0000;0,0575;0,0462;0,0000;0,0000;0,1053;0,1912;0,0000;0,0000;0,0392;0,0390;0,0461;0,0359;0,0656;0,0000;0,0118;0,0000;0,0250;0,0058;0,0723;0,0547;0,0000;0,0000;0,0000;0,0000;0,0000;0,0000;0,0000;0,0000;0,0000;0,0000;0,0068;0,0007;0,0402;0,0000;0,0351;0,0000;0,0000;0,0000;0,0563;0,0000;0,0000;0,0063;0,0279;0,0000;0,0000;0,0037;0,0003;0,0000;0,0000;0,0000;0,0107;0,0001;0,0001;0,0000;0,0000;0,0000;0,0000;0,0001
12,65435;0,0033;0,0000;0,0000;0,0000;0,0804;0,0545;0,0217;0,0000;0,0000;0,0000;0,0000;0,0000;0,4089;0,1785;0,0000;0,0000;0,0000;0,0000;0,2101;0,1243;0,0467;0,0470;0,0723;0,0379;0,0867;0,0000;0,0109;0,0000;0,0927;0,0753;0,0736;0,0424;0,0000;0,0000;0,0000;0,0000;0,0000;0,0000;0,0000;0,0000;0,0000;0,0000;0,0006;0,0001;0,0334;0,0000;0,0259;0,0000;0,0000;0,0000;0,0530;0,0000;0,0000;0,0007;0,0063;0,0000;0,0000;0,0149;0,0038;0,0000;0,0000;0,0000;0,0025;0,0000;0,0000;0,0000;0,0000;0,0000;0,0000;0,0000
12,76166;0,1344;0,0000;0,0000;0,0000;0,1232;0,0973;0,0212;0,0000;0,0000;0,0000;0,0000;0,0000;0,7340;0,5775;0,0647;0,1377;0,1326;0,2184;0,0000;0,0000;0,0000;0,0000;0,1292;0,0819;0,0651;0,0000;0,0055;0,0000;0,0526;0,1702;0,0713;0,0459;0,0000;0,0000;0,0000;0,0000;0,0000;0,0000;0,0000;0,0000;0,0000;0,0000;0,0073;0,0000;0,0633;0,0000;0,0608;0,0000;0,0000;0,0000;0,0553;0,0000;0,0000;0,0001;0,0051;0,0000;0,0000;0,0303;0,0089;0,0000;0,0000;0,0000;0,0068;0,0000;0,0000;0,0000;0,0000;0,0000;0,0000;0,0000
12,84668;0,1190;0,0000;0,0000;0,0000;0,1141;0,0898;0,0171;0,0000;0,0000;0,0000;0,0000;0,0000;0,1950;0,0336;0,3824;0,3274;0,3442;0,4307;0,0000;0,0000;0,0000;0,0000;0,1316;0,0760;0,0769;0,0000;0,0200;0,0000;0,0076;0,0844;0,0598;0,0332;0,0000;0,0000;0,0000;0,0000;0,0000;0,0000;0,0000;0,0000;0,0000;0,0000;0,0103;0,0000;0,0686;0,0000;0,0650;0,0000;0,0000;0,0000;0,0614;0,0000;0,0000;0,0000;0,0284;0,0000;0,0000;0,0339;0,0088;0,0000;0,0000;0,0000;0,0099;0,0000;0,0000;0,0000;0,0000;0,0000;0,0000;0,0000
13,01871;0,0821;0,0254;0,0000;0,0000;0,0789;0,0693;0,0140;0,0000;0,0000;0,0000;0,0000;0,0000;1,0000;0,9795;0,0000;0,0404;0,0000;0,0000;0,4409;0,3403;0,0000;0,0000;0,0689;0,0555;0,0600;0,0000;0,0213;0,0000;0,0002;0,0175;0,0684;0,0549;0,0000;0,0000;0,0000;0,0000;0,0000;0,0031;0,0000;0,0000;0,0000;0,0000;0,0108;0,0000;0,0694;0,0000;0,0574;0,0000;0,0000;0,0000;0,0604;0,0000;0,0000;0,0080;0,0471;0,0000;0,0000;0,0178;0,0040;0,0000;0,0000;0,0000;0,0107;0,0000;0,0000;0,0000;0,0000;0,0000;0,0000;0,0000
13,13293;0,0766;0,0156;0,0000;0,0000;0,0705;0,0591;0,0206;0,0000;0,0000;0,0000;0,0000;0,0000;1,0000;1,0000;0,0000;0,0001;0,0000;0,0000;0,4220;0,3203;0,0000;0,0000;0,0538;0,0367;0,0782;0,0000;0,0186;0,0000;0,0000;0,0058;0,0696;0,0485;0,0000;0,0000;0,0000;0,0000;0,0000;0,0062;0,0000;0,0000;0,0025;0,0000;0,0109;0,0038;0,0865;0,0000;0,0737;0,0000;0,0000;0,0000;0,0612;0,0000;0,0000;0,0052;0,0403;0,0000;0,0000;0,0073;0,0021;0,0000;0,0000;0,0000;0,0108;0,0000;0,0000;0,0000;0,0000;0,0000;0,0000;0,0000
13,32238;0,0082;0,0036;0,0000;0,0000;0,0558;0,0481;0,0138;0,0000;0,0000;0,0000;0,0000;0,0000;1,0000;1,0000;0,0000;0,0000;0,0000;0,0000;0,4757;0,3785;0,0000;0,0000;0,0180;0,0137;0,0963;0,0000;0,0200;0,0000;0,0000;0,0004;0,0860;0,0715;0,0000;0,0000;0,0000;0,0000;0,0000;0,0004;0,0000;0,0000;0,0002;0,0000;0,0035;0,0038;0,0284;0,0000;0,0235;0,0000;0,0000;0,0000;0,0549;0,0000;0,0000;0,0025;0,0219;0,0000;0,0000;0,0028;0,0006;0,0000;0,0000;0,0000;0,0084;0,0000;0,0000;0,0000;0,0000;0,0000;0,0000;0,0000
13,40405;0,0039;0,0023;0,0000;0,0000;0,0428;0,0394;0,0118;0,0000;0,0000;0,0000;0,0000;0,0000;1,0000;1,0000;0,0000;0,0000;0,0000;0,0000;0,4410;0,3431;0,0000;0,0000;0,0100;0,0088;0,1403;0,0000;0,0518;0,0000;0,0000;0,0001;0,0792;0,0753;0,0000;0,0000;0,0000;0,0000;0,0000;0,0002;0,0000;0,0000;0,0001;0,0000;0,0081;0,0091;0,0220;0,0000;0,0120;0,0000;0,0000;0,0000;0,0581;0,0000;0,0000;0,0009;0,0509;0,0000;0,0000;0,0018;0,0004;0,0000;0,0000;0,0000;0,0098;0,0000;0,0000;0,0000;0,0000;0,0000;0,0000;0,0000
13,53951;0,0009;0,0008;0,0000;0,0000;0,0670;0,0516;0,0119;0,0000;0,0000;0,0000;0,0000;0,0000;0,9852;0,9698;0,0099;0,0402;0,0000;0,0000;0,1788;0,0763;0,0000;0,0000;0,0229;0,0143;0,0997;0,0000;0,0469;0,0000;0,0000;0,0022;0,0977;0,0986;0,0000;0,0000;0,0000;0,0000;0,0000;0,0059;0,0000;0,0000;0,0000;0,0000;0,0056;0,0062;0,0270;0,0000;0,0237;0,0000;0,0000;0,0000;0,0546;0,0000;0,0000;0,0001;0,0479;0,0000;0,0000;0,0020;0,0002;0,0000;0,0000;0,0000;0,0107;0,0000;0,0000;0,0000;0,0000;0,0000;0,0000;0,0000
13,68279;0,0005;0,0005;0,0000;0,0000;0,0467;0,0446;0,0048;0,0000;0,0000;0,0000;0,0000;0,0000;0,9909;0,9824;0,0061;0,0230;0,0000;0,0000;0,1952;0,0920;0,0000;0,0000;0,0254;0,0096;0,0936;0,0000;0,0140;0,0000;0,0000;0,0011;0,0745;0,0755;0,0000;0,0000;0,0000;0,0000;0,0000;0,0031;0,0000;0,0000;0,0059;0,0000;0,0010;0,0013;0,0350;0,0000;0,0260;0,0000;0,0000;0,0000;0,0541;0,0000;0,0000;0,0058;0,0247;0,0000;0,0000;0,0011;0,0001;0,0000;0,0000;0,0000;0,0050;0,0000;0,0000;0,0000;0,0000;0,0000;0,0000;0,0000
13,8373;0,0001;0,0001;0,0000;0,0000;0,0539;0,0376;0,0045;0,0000;0,0000;0,0000;0,0000;0,0000;0,9975;0,9926;0,0017;0,0114;0,0000;0,0000;0,2863;0,1846;0,0000;0,0000;0,0092;0,0042;0,0822;0,0000;0,0137;0,0000;0,0000;0,0002;0,0773;0,0702;0,0000;0,0000;0,0000;0,0000;0,0000;0,0002;0,0000;0,0000;0,0025;0,0000;0,0005;0,0062;0,0149;0,0000;0,0120;0,0000;0,0000;0,0000;0,0419;0,0000;0,0000;0,0004;0,0288;0,0000;0,0000;0,0003;0,0000;0,0000;0,0000;0,0000;0,0120;0,0000;0,0000;0,0000;0,0000;0,0000;0,0000;0,0000
14,03619;0,0000;0,0001;0,0000;0,0000;0,0601;0,0484;0,0008;0,0000;0,0000;0,0000;0,0000;0,0000;0,9888;0,9768;0,0075;0,0312;0,0000;0,0000;0,2851;0,1837;0,0000;0,0000;0,0058;0,0033;0,0528;0,0000;0,0177;0,0000;0,0000;0,0017;0,0860;0,0820;0,0000;0,0000;0,0000;0,0000;0,0000;0,0054;0,0000;0,0000;0,0024;0,0000;0,0022;0,0028;0,0001;0,0000;0,0067;0,0000;0,0000;0,0000;0,0371;0,0000;0,0000;0,0001;0,0349;0,0000;0,0000;0,0001;0,0000;0,0000;0,0000;0,0000;0,0111;0,0047;0,0081;0,0001;0,0005;0,0011;0,0000;0,0106
14,2019;0,0000;0,0000;0,0000;0,0000;0,0555;0,0451;0,0038;0,0000;0,0000;0,0000;0,0000;0,0000;0,9670;0,9621;0,0219;0,0317;0,0000;0,0000;0,2743;0,1726;0,0000;0,0000;0,0098;0,0052;0,0626;0,0000;0,0322;0,0000;0,0000;0,0015;0,0797;0,0851;0,0000;0,0000;0,0000;0,0000;0,0000;0,0059;0,0000;0,0000;0,0003;0,0000;0,0102;0,0147;0,0000;0,0000;0,0026;0,0000;0,0000;0,0000;0,0339;0,0000;0,0000;0,0000;0,0461;0,0000;0,0000;0,0000;0,0000;0,0000;0,0000;0,0000;0,0098;0,0383;0,1036;0,0007;0,0014;0,0106;0,0000;0,0692
14,53524;0,0000;0,0001;0,0000;0,0000;0,0554;0,0430;0,0057;0,0000;0,0000;0,0000;0,0000;0,0000;0,9576;0,9544;0,0282;0,0345;0,0000;0,0000;0,2633;0,1612;0,0000;0,0000;0,0099;0,0071;0,0701;0,0027;0,0200;0,0000;0,0000;0,0004;0,1147;0,1055;0,0000;0,0000;0,0000;0,0078;0,0000;0,0146;0,0000;0,0000;0,0107;0,0054;0,0003;0,0084;0,0000;0,0000;0,0006;0,0000;0,0025;0,0000;0,0438;0,0000;0,0000;0,0000;0,0382;0,0000;0,0000;0,0000;0,0000;0,0000;0,0000;0,0000;0,0034;0,0002;0,0007;0,0001;0,0001;0,0009;0,0000;0,0012
